1583510400,9008.01,8998.3,8998.37,9006.84,36.21395427
1583510460,9010,9003.1,9007.05,9010,50.76111175
1583510520,9014.1,9009.69,9010,9012.99,38.86384189
1583510580,9022.94,9012.73,9012.73,9022.4,48.82972765
1583510640,9029.51,9020.58,9022.95,9026.02,43.80398636
1583510700,9027.3,9017.49,9025.26,9018.29,26.9659588
1583510760,9019.23,9013.02,9018.29,9014.98,8.71751577
1583510820,9024.2,9009.99,9014.98,9020.15,34.74154373
1583510880,9024.98,9020.01,9020.02,9024.98,8.71607018
1583510940,9024.99,9020,9024.99,9020.69,23.08500537
1583511000,9032.77,9020.68,9020.69,9030.89,21.05543714
1583511060,9032.78,9030.29,9030.81,9032.31,12.42822782
1583511120,9039,9032.27,9032.31,9038.56,19.4308337
1583511180,9039.24,9032.71,9037.85,9034.02,49.79521029
1583511240,9038.56,9027.41,9034.02,9037.5,16.31088471
1583511300,9047.13,9028.27,9038.08,9047.11,44.82551697
1583511360,9049.99,9045.12,9047.41,9047.04,15.339794
1583511420,9052.59,9047.05,9047.43,9050.07,19.91735558
1583511480,9050.45,9047,9050.15,9048.42,26.4897887
1583511540,9051.45,9035.72,9048.41,9039.34,56.14829259
1583511600,9040.74,9039.33,9039.34,9039.66,8.95510676
1583511660,9043.87,9032.7,9039.6,9039.81,30.70370937
1583511720,9041.09,9038.31,9039.81,9039.3,11.21368411
1583511780,9043.6,9038.98,9039.38,9039.63,17.979289
1583511840,9042.43,9034.05,9039.58,9034.78,16.666076
1583511900,9034.7,9027.68,9034.05,9032.12,20.16130655
1583511960,9044.77,9032.28,9032.47,9043.58,15.73074
1583512020,9044.27,9033.35,9044.17,9035.12,10.30369676
1583512080,9040.79,9036,9036.09,9038.2,10.316425
1583512140,9043.09,9037.98,9038.7,9041.9,7.174333
1583512200,9042.29,9039.88,9041.93,9040.01,8.98782976
1583512260,9045.24,9040.01,9040.01,9043.94,6.139329
1583512320,9061.22,9043.97,9044.01,9059.94,29.79054429
1583512380,9064.17,9056.31,9060.21,9062.68,34.70344707
1583512440,9063.16,9056.12,9060.93,9057.49,8.773052
1583512500,9057.5,9051.47,9057.49,9055.05,7.39887077
1583512560,9057.05,9052.71,9055.05,9054.22,12.50802261
1583512620,9054.13,9049.06,9054.13,9050.5,9.28605647
1583512680,9056.17,9050.51,9050.51,9052.24,12.366478
1583512740,9052.26,9051.02,9052.25,9051.1,7.83624598
1583512800,9057.33,9050.92,9051.45,9056.51,12.93926702
1583512860,9056.52,9056.12,9056.51,9056.17,10.231538
1583512920,9056.39,9046.18,9056.12,9050.15,26.79784149
1583512980,9051.85,9046.92,9050.15,9051.84,19.392324
1583513040,9053,9046.64,9051.84,9046.96,12.094624
1583513100,9046.96,9033.81,9046.96,9037.38,24.03797638
1583513160,9038.39,9033.81,9036.49,9035.65,9.304773
1583513220,9040.79,9033.82,9036.28,9040.01,7.325245
1583513280,9044.95,9040.12,9040.12,9040.81,10.6609
1583513340,9044.26,9039.91,9040.81,9042.51,12.182876
1583513400,9045.48,9041.46,9042.93,9043.85,12.027103
1583513460,9045.91,9040.79,9043.84,9045.57,16.787262
1583513520,9045.57,9040,9045.57,9041.51,6.245882
1583513580,9049.78,9042.31,9042.31,9047.79,9.90341205
1583513640,9049.82,9047.78,9047.79,9049.49,7.237059
1583513700,9056.44,9049.23,9049.23,9056.44,12.649833
1583513760,9061.01,9056.5,9056.5,9056.67,14.442995
1583513820,9057.82,9051.65,9056.58,9056.11,6.664687
1583513880,9057.8,9054.96,9055.86,9057.05,4.55487704
1583513940,9057.21,9048.42,9057.05,9052.05,9.19120249
1583514000,9052.7,9050.19,9052.33,9052.51,1.20807733
1583514060,9057.28,9051.12,9051.48,9055.06,8.17970594
1583514120,9058.51,9053.4,9055.14,9053.4,3.201107
1583514180,9053.92,9051.51,9053.4,9052.98,6.85609837
1583514240,9052.68,9050.35,9052.68,9052.27,3.706643
1583514300,9063.02,9052.27,9052.28,9062.39,11.66495325
1583514360,9063.04,9058.49,9063.04,9061.67,5.092398
1583514420,9064.24,9060.18,9062.16,9064.21,8.18980331
1583514480,9065.04,9059.46,9064.21,9060.22,33.642938
1583514540,9064.82,9060.23,9060.23,9061.88,11.705866
1583514600,9062.58,9057.34,9062.58,9057.95,10.27371
1583514660,9060.02,9056.6,9057.95,9059.85,4.94432724
1583514720,9059.98,9057.83,9059.84,9057.95,6.94498766
1583514780,9059.02,9057.45,9057.87,9057.97,7.0407976
1583514840,9058.11,9057.45,9057.88,9057.46,1.942549
1583514900,9058.18,9054.96,9057.46,9056.91,6.473824
1583514960,9059.81,9056.64,9057.13,9058.51,11.218098
1583515020,9059.75,9058.38,9058.52,9059.33,21.68292282
1583515080,9065.87,9059.52,9059.52,9065.46,12.11019246
1583515140,9078,9065.44,9065.51,9076.25,29.29284135
1583515200,9082.47,9073.14,9073.38,9074.68,17.45092027
1583515260,9075.12,9072.11,9074.53,9074.19,15.90204601
1583515320,9075.88,9074.18,9074.26,9074.33,14.694949
1583515380,9074.2,9072.26,9074.19,9073.04,9.15588957
1583515440,9076.51,9070.87,9072.86,9070.87,15.35260646
1583515500,9070.68,9062.83,9070.68,9063.28,13.0391264
1583515560,9069.99,9063.37,9063.37,9067.01,7.60243239
1583515620,9073.51,9065.79,9066.79,9067.09,9.39660591
1583515680,9069.7,9065.09,9066.89,9067.82,4.71088546
1583515740,9075.7,9067.64,9067.76,9074.51,20.980321
1583515800,9077.92,9074.52,9074.52,9077.89,4.677819
1583515860,9078.21,9070.47,9077.93,9070.62,10.99335765
1583515920,9071.31,9067.98,9070.63,9067.99,6.787333
1583515980,9071.29,9065.26,9067.98,9069.7,8.302973
1583516040,9070.91,9066.93,9069.91,9068.82,5.14569523
1583516100,9069.48,9064.45,9068.47,9066.68,14.256718
1583516160,9073.91,9066.68,9066.68,9073.91,4.844541
1583516220,9075.1,9071.46,9073.83,9072.72,3.640044
1583516280,9072.72,9061,9072.72,9062.85,15.728078
1583516340,9065.79,9057.22,9062.92,9064.98,11.38196201
1583516400,9066.81,9064.98,9064.99,9066.81,12.75171965
1583516460,9067.1,9060.79,9066.8,9062.73,23.07744754
1583516520,9065.82,9060,9062.72,9061.25,6.432306
1583516580,9070.71,9060,9061.46,9070.71,20.54549
1583516640,9070.71,9066.29,9070.71,9066.69,5.23506787
1583516700,9070.8,9066.54,9066.54,9070.79,3.646158
1583516760,9071.93,9066.85,9070.8,9066.88,6.2630013
1583516820,9066.87,9056.73,9066.79,9059.33,12.45503613
1583516880,9059.33,9056.99,9059.33,9056.99,19.459332
1583516940,9061.2,9056.99,9056.99,9060.29,34.382809
1583517000,9061.92,9056.5,9060.37,9061.92,13.038628
1583517060,9069.47,9061.99,9061.99,9065.36,5.551905
1583517120,9066.29,9065.1,9065.52,9065.12,3.858498
1583517180,9069.04,9063.32,9065.13,9063.34,4.63799175
1583517240,9069.49,9063.32,9063.33,9069.07,3.346064
1583517300,9074.09,9068.85,9069.07,9071.57,4.179001
1583517360,9071.57,9067.71,9071.57,9068.27,5.079053
1583517420,9072.57,9068.2,9068.32,9068.73,11.036801
1583517480,9071.29,9068.49,9068.76,9070.73,19.47389655
1583517540,9074.93,9069.49,9070.6,9074.93,5.30181077
1583517600,9074.69,9072.91,9074.66,9072.91,3.92197149
1583517660,9073.79,9068,9073.01,9068.93,27.737628
1583517720,9068.94,9066.44,9068.87,9066.53,8.351382
1583517780,9067.53,9065.63,9066.53,9066.16,8.72485663
1583517840,9071.42,9065.87,9066.15,9071.23,9.04890119
1583517900,9077.71,9071.35,9071.35,9076.41,10.811529
1583517960,9080,9074.86,9076.42,9075.36,12.325356
1583518020,9075.37,9071.92,9075.36,9072.52,12.183597
1583518080,9076.52,9068.84,9072.52,9076.51,9.867245
1583518140,9076.81,9076.42,9076.51,9076.54,1.394562
1583518200,9077.26,9074.06,9076.53,9075.49,9.486518
1583518260,9075.98,9073.21,9075.48,9074.09,5.613417
1583518320,9077.26,9073.4,9073.43,9077.25,6.429611
1583518380,9079.72,9077.18,9077.25,9079.53,2.10953677
1583518440,9079.54,9073.46,9079.53,9073.93,5.10770964
1583518500,9073.9,9070.26,9073.88,9071.43,3.162131
1583518560,9071.7,9071.41,9071.42,9071.44,1.561116
1583518620,9071.7,9069.07,9071.49,9069.17,4.344755
1583518680,9069.71,9069.17,9069.17,9069.7,1.492872
1583518740,9069.7,9064.93,9069.7,9066.13,8.7652491
1583518800,9066.13,9063.52,9065.66,9065.18,2.850967
1583518860,9065.98,9063.52,9065.18,9065.26,7.269885
1583518920,9065.26,9060.01,9065.09,9062.06,8.505349
1583518980,9062.06,9057.88,9062.06,9059.43,18.524921
1583519040,9064.49,9059.43,9059.43,9061.83,10.299059
1583519100,9066.57,9061.84,9061.84,9064.99,34.743957
1583519160,9065.29,9062.11,9065.29,9063.02,3.235873
1583519220,9063.81,9058.16,9063.03,9058.56,13.79093753
1583519280,9065.5,9057.98,9059.24,9061.45,6.987473
1583519340,9062.37,9060.85,9061.83,9062.02,1.309825
1583519400,9069,9062.01,9062.01,9068.39,22.771729
1583519460,9069.91,9068.01,9068.38,9069.91,5.392394
1583519520,9072.42,9069.92,9069.92,9072.42,8.005196
1583519580,9073.51,9066.32,9072.42,9068.93,6.61017902
1583519640,9071.18,9068.93,9068.93,9071.18,4.1179723
1583519700,9071.17,9064.7,9071.12,9066.61,24.501924
1583519760,9072.39,9066.65,9066.65,9070.89,2.575716
1583519820,9073.97,9068.59,9070.89,9069.45,20.3077756
1583519880,9071.46,9069.57,9069.57,9069.99,2.90037386
1583519940,9071.48,9069.73,9070.05,9069.74,6.090269
1583520000,9074.33,9068.36,9069.87,9073.14,18.738554
1583520060,9073.16,9071,9072.83,9071.52,1.94302666
1583520120,9075.28,9071.4,9071.4,9074.58,6.337607
1583520180,9073.27,9071.48,9073.27,9073.08,1.254796
1583520240,9074.54,9071.39,9073.09,9072.21,2.583723
1583520300,9072.74,9070.31,9071.4,9071.04,2.034846
1583520360,9073.09,9069.69,9071.04,9070.99,4.366819
1583520420,9071.79,9069.59,9069.93,9070.53,3.185476
1583520480,9071.46,9071,9071.24,9071.45,2.154651
1583520540,9076.18,9071.03,9071.45,9074.49,3.732267
1583520600,9076.69,9073,9074.49,9073,18.322964
1583520660,9077.83,9072.94,9073.01,9076.61,6.502982
1583520720,9078.04,9076.62,9076.62,9077.33,2.768169
1583520780,9077.78,9075.28,9077.33,9077.78,13.739227
1583520840,9077.77,9066.32,9077.77,9068.31,14.5414
1583520900,9069.09,9063.54,9068.38,9069,15.40719924
1583520960,9069.03,9063.55,9069.02,9066.92,9.24225404
1583521020,9069.38,9065,9065.87,9068.09,7.759232
1583521080,9070.14,9066.88,9068.09,9067.76,2.32364
1583521140,9067.83,9066.8,9067.83,9066.8,0.910179
1583521200,9066.99,9065.47,9066.81,9065.48,1.43460628
1583521260,9066.45,9063.45,9065.33,9064.01,6.66098266
1583521320,9068.71,9061.1,9064,9068.7,15.75108
1583521380,9070.62,9068.71,9068.71,9070.3,4.387622
1583521440,9075.96,9070.23,9071.3,9072.26,6.78581619
1583521500,9072.84,9071.49,9072.78,9071.84,2.13852079
1583521560,9072.82,9071.84,9071.84,9072.08,2.89073726
1583521620,9071.79,9064.9,9071.1,9065.37,8.18537573
1583521680,9065.91,9063.42,9065.37,9064.62,2.596599
1583521740,9069.18,9062.89,9064.83,9067.94,4.94867
1583521800,9068.53,9065.75,9068.25,9065.99,5.063616
1583521860,9067.38,9065.05,9065.77,9065.09,5.275349
1583521920,9065.07,9063.43,9065.07,9064.7,3.680081
1583521980,9064.57,9063.15,9064.57,9063.16,3.629967
1583522040,9063.16,9061,9063.15,9061.01,6.25140644
1583522100,9069.2,9061.01,9061.01,9067.36,3.79272305
1583522160,9072.83,9066.95,9066.95,9071.83,4.1852
1583522220,9071.84,9071.49,9071.84,9071.81,5.214651
1583522280,9071.83,9069.86,9071.83,9071.82,4.090209
1583522340,9071.82,9069.66,9071.82,9069.66,2.090058
1583522400,9070.04,9068.41,9069.94,9069.74,2.439286
1583522460,9069.99,9067.91,9069.71,9068.21,5.59000194
1583522520,9068.23,9065.92,9068.22,9067.92,2.736683
1583522580,9071.37,9066.34,9067.96,9071.17,11.075433
1583522640,9077.79,9071.4,9071.42,9074.53,8.433333
1583522700,9075.2,9074.2,9074.54,9074.64,1.096111
1583522760,9077.17,9074.69,9074.96,9077.17,9.3427488
1583522820,9078.04,9077.17,9077.18,9078.03,2.343539
1583522880,9094,9078.04,9078.04,9090.95,32.15919261
1583522940,9091.77,9086.73,9090.95,9089.45,6.74795182
1583523000,9089.65,9089.12,9089.63,9089.33,3.722132
1583523060,9091.02,9087.58,9089.34,9090.39,6.560505
1583523120,9092.82,9090.38,9090.38,9092.81,2.63697518
1583523180,9093.23,9091.14,9092.81,9092.67,8.44048
1583523240,9095,9092.5,9092.68,9094.11,2.08112725
1583523300,9094.13,9086.01,9094.11,9086.01,5.076567
1583523360,9091.62,9085.42,9085.68,9089.94,7.293423
1583523420,9089.94,9088.19,9089.94,9089.76,0.85135
1583523480,9096.78,9089.82,9089.82,9096.3,19.022574
1583523540,9098.76,9094.89,9096.04,9094.89,6.60004063
1583523600,9099,9094.88,9094.89,9098.99,5.751206
1583523660,9099,9095.92,9098.85,9095.92,5.25758
1583523720,9098.77,9095.5,9095.51,9098.69,1.396647
1583523780,9100,9094.02,9098.69,9095.62,45.712163
1583523840,9097.65,9092.9,9095.62,9092.9,5.51875
1583523900,9099.03,9092.59,9092.81,9098.04,3.029333
1583523960,9099.44,9097.45,9097.45,9098,2.80196
1583524020,9098,9097.7,9097.99,9097.99,3.099864
1583524080,9099.38,9097.99,9097.99,9099.37,1.28257
1583524140,9099.38,9092.11,9099.37,9092.95,17.59717837
1583524200,9093.32,9092.95,9092.95,9092.95,2.496137
1583524260,9092.96,9090.66,9092.95,9090.66,2.970994
1583524320,9096.44,9090.65,9090.66,9094.72,7.896708
1583524380,9095.48,9092,9094.79,9092,2.441878
1583524440,9092.93,9091.11,9092.92,9092.73,0.920235
1583524500,9097.22,9091.23,9092.73,9095.23,3.451658
1583524560,9095.98,9092.84,9095.16,9092.85,4.55944356
1583524620,9093.15,9084.92,9093.13,9084.93,6.4121958
1583524680,9087.56,9084.54,9084.93,9087.55,10.20312687
1583524740,9088.13,9082.71,9087.55,9084.2,3.978569
1583524800,9096.4,9084.24,9084.63,9096.39,2.86569022
1583524860,9096.4,9093.9,9096.4,9095.19,1.7604
1583524920,9095.14,9090.89,9095.14,9090.9,2.75481
1583524980,9094.05,9090.61,9090.75,9092.72,4.385403
1583525040,9093.63,9091.05,9092.71,9093,22.910511
1583525100,9093.01,9093,9093,9093,0.444646
1583525160,9093.01,9093,9093.01,9093.01,0.188857
1583525220,9097.27,9093,9093.01,9096.41,3.936806
1583525280,9098,9095.02,9096.31,9097.05,3.466996
1583525340,9099.38,9096.51,9097.01,9099.17,7.58208
1583525400,9100,9097.71,9099.15,9099.71,53.554768
1583525460,9099.81,9095.42,9099.81,9098.06,2.98098644
1583525520,9098.2,9095.97,9098.2,9095.97,4.61358007
1583525580,9096.21,9092.1,9095.96,9092.3,8.066062
1583525640,9094.34,9092.01,9092.18,9093.4,6.894801
1583525700,9097.83,9092.46,9092.98,9097.05,5.28764
1583525760,9100,9097.04,9097.05,9099.36,10.577983
1583525820,9105.5,9098.01,9099.36,9104.91,30.028926
1583525880,9105.5,9102.05,9105.48,9104.87,18.780326
1583525940,9105.55,9104,9104.87,9104.22,6.62329714
1583526000,9104.87,9098,9104.01,9098.6,16.47562284
1583526060,9101.04,9097,9098.59,9100.09,8.096482
1583526120,9104.88,9100.03,9100.04,9101.33,5.219091
1583526180,9103.1,9100.05,9101.33,9101.41,4.713164
1583526240,9104.56,9100.14,9101.31,9102.16,13.306
1583526300,9105.42,9101.34,9102.01,9104.06,16.56896639
1583526360,9103.16,9099.06,9102.97,9099.06,3.240856
1583526420,9100.88,9099.06,9099.06,9099.28,2.738138
1583526480,9103.58,9099.3,9099.3,9102.32,9.632773
1583526540,9107.14,9103.25,9103.25,9105.5,1.854805
1583526600,9105.5,9103.55,9105.5,9104.5,4.28338974
1583526660,9104.52,9100.74,9104.52,9100.75,3.274287
1583526720,9107.14,9099.86,9100.74,9105.1,7.746215
1583526780,9105.1,9102.61,9105.1,9104.75,2.696145
1583526840,9106.59,9104.1,9104.76,9104.36,3.34614
1583526900,9104.1,9101.22,9104.1,9101.23,1.22888689
1583526960,9101.38,9099.82,9101.22,9101.38,3.919575
1583527020,9105.21,9100.77,9100.77,9104.88,2.61823704
1583527080,9104.89,9104.77,9104.89,9104.77,0.26336
1583527140,9106.59,9104.78,9104.78,9106.14,3.709055
1583527200,9106.15,9100.63,9106.15,9100.64,5.462815
1583527260,9102.59,9101.21,9101.27,9102.57,2.217682
1583527320,9104.16,9102.57,9102.57,9103.13,1.557994
1583527380,9103.83,9101.79,9103.75,9103.15,5.247461
1583527440,9104.42,9103.14,9103.14,9104.05,0.996437
1583527500,9105.4,9104.04,9104.04,9104.18,2.636492
1583527560,9104.18,9102.54,9104.18,9103.98,3.31543351
1583527620,9104.09,9099.8,9104.09,9102.49,17.755693
1583527680,9102.27,9097.27,9102.27,9097.36,3.161854
1583527740,9097.39,9093.22,9097.39,9093.25,17.0238012
1583527800,9094.81,9088.64,9093.25,9093.1,6.40675409
1583527860,9093.43,9092.43,9093.11,9092.44,0.591653
1583527920,9096.67,9092.44,9092.44,9094.55,2.367397
1583527980,9096.36,9094.56,9094.56,9094.56,1.398254
1583528040,9094.59,9094.15,9094.55,9094.16,0.93844
1583528100,9098.82,9090.71,9094.16,9091.85,18.55756311
1583528160,9092.31,9088.65,9092.31,9090.41,3.648692
1583528220,9102.99,9088.97,9090.4,9101.48,64.90894704
1583528280,9101.97,9097.85,9101.49,9097.86,3.984843
1583528340,9097.85,9096.99,9097.85,9097,1.210766
1583528400,9104.1,9096.98,9096.99,9103.73,4.59723407
1583528460,9105.09,9102.82,9103.61,9103.62,3.83238887
1583528520,9105.9,9103.6,9103.62,9104.4,5.795634
1583528580,9104.69,9102.91,9104.39,9104.57,4.79561911
1583528640,9108,9104.58,9104.58,9107.44,3.521517
1583528700,9108,9104.21,9107.44,9105.68,4.163508
1583528760,9105.86,9105.55,9105.75,9105.86,1.403881
1583528820,9106.92,9104.2,9105.86,9104.2,3.257083
1583528880,9105.04,9098.54,9104.19,9103.69,8.0087295
1583528940,9108.23,9103.69,9103.7,9106.96,12.511401
1583529000,9110,9106.97,9106.97,9110,5.34843
1583529060,9110,9104.53,9110,9104.91,5.443405
1583529120,9104.91,9104.9,9104.9,9104.91,1.834255
1583529180,9109.46,9104.9,9104.91,9109.46,14.539663
1583529240,9110,9109.45,9109.46,9109.46,2.302437
1583529300,9110,9109.46,9109.46,9110,6.525226
1583529360,9112.24,9109.99,9110,9112.24,23.721471
1583529420,9114.4,9109.53,9112.05,9111.53,15.324824
1583529480,9111.71,9110,9111.51,9110.02,4.406983
1583529540,9111.08,9104.9,9110.3,9111.07,10.23393006
1583529600,9111.7,9109.25,9110.44,9109.94,3.499901
1583529660,9110.12,9109.38,9109.89,9109.71,1.37204
1583529720,9114.94,9109.71,9109.71,9111.98,8.499156
1583529780,9113.05,9110.99,9112.67,9111.55,5.865086
1583529840,9110.97,9108.93,9110.73,9109.66,2.155936
1583529900,9111.44,9107.81,9109.57,9108.06,3.98019325
1583529960,9113.08,9107.3,9108.06,9109.89,13.078478
1583530020,9117.87,9109.87,9109.89,9117.35,22.49974611
1583530080,9117.11,9114.88,9116.63,9115.16,16.97058613
1583530140,9117.91,9114.17,9115.15,9114.75,11.770661
1583530200,9117,9113.96,9114.76,9116,4.570547
1583530260,9116,9112.41,9116,9112.41,9.922965
1583530320,9112.41,9109.9,9112.4,9111.53,6.121384
1583530380,9115.62,9111.53,9111.53,9115.62,3.833735
1583530440,9116.98,9114.78,9114.78,9116.2,5.475111
1583530500,9116.6,9115.92,9116.42,9115.92,2.129241
1583530560,9115.92,9113.78,9115.92,9113.78,6.15841266
1583530620,9113.79,9113.77,9113.79,9113.78,3.138342
1583530680,9117.92,9113.77,9113.77,9114.61,4.95785713
1583530740,9114.61,9112.39,9114.6,9112.39,1.594624
1583530800,9112.4,9105.14,9112.4,9105.8,6.962013
1583530860,9110.13,9103.63,9105.81,9108.62,4.182265
1583530920,9109.9,9100.23,9109.9,9100.24,8.315485
1583530980,9102.82,9100,9100,9100.91,1.221354
1583531040,9104.31,9100.66,9100.91,9103.1,3.171835
1583531100,9105.34,9102.6,9102.86,9104.19,2.128487
1583531160,9105.12,9103.35,9104.18,9103.73,1.35215303
1583531220,9103.85,9103.73,9103.74,9103.75,0.53979783
1583531280,9110.12,9103.74,9103.75,9106.85,1.921104
1583531340,9106.85,9106.64,9106.85,9106.65,0.23483
1583531400,9106.65,9106.64,9106.64,9106.65,0.619259
1583531460,9108.11,9106.65,9106.65,9107.47,0.497154
1583531520,9114.7,9106.64,9107.38,9114.7,2.487088
1583531580,9114.02,9111.31,9113.81,9112.43,10.150027
1583531640,9114.7,9112.43,9112.43,9112.85,4.034954
1583531700,9113.16,9111.24,9111.25,9111.45,0.786527
1583531760,9114.11,9111.45,9111.45,9114.04,2.004483
1583531820,9115,9114.03,9114.04,9114.72,6.1297533
1583531880,9115,9111.35,9114.28,9112.53,4.41321
1583531940,9114.49,9112.98,9112.98,9114.48,1.831361
1583532000,9115,9113.51,9113.65,9113.78,2.45488982
1583532060,9114.2,9113,9114.16,9113.98,3.57382
1583532120,9114.03,9113.83,9113.86,9114.03,2.50848613
1583532180,9114.03,9111.58,9114.03,9113.13,4.65035647
1583532240,9113.94,9111.89,9113.13,9112.49,3.259826
1583532300,9117.82,9112.5,9112.5,9117.53,12.29345311
1583532360,9118.67,9115.73,9117.32,9117.74,2.23372731
1583532420,9119,9117.73,9117.73,9119,1.472487
1583532480,9119,9118.25,9118.3,9118.25,1.933706
1583532540,9119,9108.22,9118.25,9108.47,4.06000049
1583532600,9108.08,9106.12,9108.07,9106.12,1.23392714
1583532660,9105.6,9100.35,9105.59,9100.6,7.812201
1583532720,9102.7,9099.95,9100.6,9102.69,13.69714975
1583532780,9101.14,9100.32,9100.99,9100.52,22.9705
1583532840,9100.52,9097.47,9100.52,9097.47,11.82702559
1583532900,9097.47,9083,9097.46,9083,7.04075583
1583532960,9083.01,9081,9083.01,9081.44,16.29234668
1583533020,9083,9081.3,9081.31,9081.61,6.80332035
1583533080,9082.32,9077,9081.7,9077,4.64940233
1583533140,9077.01,9066.45,9077.01,9069.99,19.74610035
1583533200,9070.31,9065,9070.24,9068.01,9.69953805
1583533260,9076.53,9068.01,9068.01,9076.21,28.786474
1583533320,9083.09,9076.49,9076.52,9082.94,5.9515424
1583533380,9082.31,9081.79,9081.99,9082.3,2.490962
1583533440,9085.6,9082.53,9082.54,9083.71,17.50697341
1583533500,9083.73,9083.51,9083.72,9083.53,12.80913801
1583533560,9083.55,9079.27,9083.52,9079.27,17.32814745
1583533620,9079.29,9075.38,9079.28,9075.4,3.787206
1583533680,9075.41,9075,9075.41,9075.29,0.942631
1583533740,9075.29,9070.08,9075.28,9072.24,6.420955
1583533800,9076.52,9072.25,9072.25,9075.81,2.674823
1583533860,9080.54,9075.82,9075.82,9080.54,1.08052
1583533920,9083.58,9080.54,9080.54,9083.58,2.022664
1583533980,9083.58,9080.45,9083.58,9080.76,4.180638
1583534040,9081.65,9079.26,9080.76,9079.26,7.714646
1583534100,9080.76,9075.83,9080.76,9076.17,7.994863
1583534160,9076.17,9073.59,9076.17,9073.6,9.01107706
1583534220,9075.41,9073.6,9073.6,9073.89,2.552843
1583534280,9075.39,9073.86,9073.89,9074.74,2.890182
1583534340,9075.32,9073.14,9074.65,9074,1.978646
1583534400,9087.72,9072.43,9074,9087.24,12.548429
1583534460,9090.57,9087.24,9087.24,9089.07,2.356528
1583534520,9091.1,9089.01,9089.07,9089.07,5.06541532
1583534580,9094.35,9089.07,9089.07,9092.98,14.06570944
1583534640,9095.44,9092.48,9092.98,9093.91,3.32149006
1583534700,9100,9093.51,9093.51,9100,6.21246854
1583534760,9099.17,9097.99,9099.04,9098.05,16.483121
1583534820,9097.65,9093.1,9097.16,9093.1,13.942657
1583534880,9095.51,9091.89,9092.2,9093.86,9.890279
1583534940,9093.85,9090.76,9093.85,9090.87,2.037038
1583535000,9094.69,9089.43,9090.87,9094.12,9.912242
1583535060,9097.35,9094.11,9094.12,9097.34,3.851415
1583535120,9099.9,9097.33,9097.34,9098.52,7.874922
1583535180,9099.76,9098.27,9098.27,9099.15,7.537987
1583535240,9100,9099.15,9099.75,9099.49,7.091296
1583535300,9100,9096.94,9099.46,9096.94,15.74183976
1583535360,9102.84,9096.95,9096.95,9098.73,12.28135861
1583535420,9101.57,9097.14,9097.89,9100.74,15.079069
1583535480,9100.76,9096.93,9100.73,9097.45,19.107844
1583535540,9105.26,9097.44,9097.45,9105.26,15.381758
1583535600,9108.49,9105.17,9105.26,9108.49,2.97108145
1583535660,9108.37,9105.14,9108.31,9105.16,17.97070869
1583535720,9106.23,9102.66,9106.13,9102.72,32.24525305
1583535780,9102.72,9101.76,9102.72,9101.77,8.98736538
1583535840,9103.75,9101.63,9101.77,9102.18,21.569988
1583535900,9103,9102.14,9102.18,9102.51,12.28220847
1583535960,9104.34,9102.51,9102.51,9103.87,10.643735
1583536020,9105.1,9103.24,9103.87,9104.82,2.03988181
1583536080,9104.82,9101.95,9104.82,9102.72,26.05879109
1583536140,9112,9102.72,9102.72,9112,24.97153181
1583536200,9113.07,9110,9112,9111.81,22.85660431
1583536260,9120,9111.53,9111.8,9118.2,31.55872319
1583536320,9119.81,9116.15,9117.88,9116.8,28.58466068
1583536380,9116.76,9113.11,9116.76,9113.8,15.21244553
1583536440,9114.17,9112.24,9114.17,9112.25,10.9597
1583536500,9114.78,9112.25,9112.26,9112.6,11.46228171
1583536560,9115.27,9112.59,9112.59,9114.85,4.582959
1583536620,9127.14,9114.85,9115.35,9127.13,55.68028134
1583536680,9130,9125.97,9127.14,9128.71,111.036948
1583536740,9128.71,9125.05,9128.71,9125.06,29.59291476
1583536800,9132,9125.06,9125.06,9131.68,34.69452
1583536860,9131.49,9126.43,9130.74,9128.17,24.17487645
1583536920,9130.18,9125.76,9128.29,9129.26,9.88480106
1583536980,9129.48,9126.41,9128.76,9127.35,20.01166469
1583537040,9128.21,9127.3,9127.31,9128.15,7.91881851
1583537100,9129.25,9128.13,9128.14,9129.25,1.63963649
1583537160,9130.01,9116.3,9129.25,9117.12,34.80682939
1583537220,9119.78,9102.86,9118.35,9107.06,36.85348748
1583537280,9109.93,9101.02,9106.57,9101.12,20.58856289
1583537340,9112.85,9101.5,9101.5,9112.53,6.32928915
1583537400,9115,9112.25,9112.25,9114.78,5.783156
1583537460,9117.63,9114.66,9114.67,9117.61,10.30262997
1583537520,9126.3,9117.61,9117.61,9124.36,31.40013097
1583537580,9131,9124.28,9124.4,9131,19.23559994
1583537640,9131.37,9126.99,9131,9127.99,16.412438
1583537700,9129.67,9127.21,9127.99,9128,13.11800113
1583537760,9128,9124.29,9127.16,9124.31,14.61936778
1583537820,9130.67,9124.31,9124.31,9127.92,32.81079402
1583537880,9130,9121.99,9128.15,9122.01,12.30582602
1583537940,9122.59,9120,9122.01,9120,13.93681062
1583538000,9121.49,9120,9120,9121,5.104492
1583538060,9125.08,9121.07,9121.07,9123.42,8.701338
1583538120,9125.25,9122.9,9123.42,9125.23,6.02515632
1583538180,9133.12,9123.77,9125.07,9132.44,22.72050256
1583538240,9132.45,9126.06,9132.45,9126.63,6.87756463
1583538300,9126.63,9119.9,9126.63,9119.9,4.221346
1583538360,9120.04,9114.5,9119.91,9118.59,6.68857429
1583538420,9128.57,9118.58,9118.59,9127.71,4.80208011
1583538480,9131.83,9126.22,9127.71,9131.33,11.984815
1583538540,9132.65,9130.31,9131.34,9132.16,4.63392776
1583538600,9132.16,9127.68,9132.16,9129.01,21.25446902
1583538660,9130.16,9129,9129,9129.43,5.68960366
1583538720,9130,9127.24,9129.55,9128.36,14.925535
1583538780,9128.37,9126.34,9128.37,9127.15,4.290429
1583538840,9127.91,9122.63,9127.1,9122.91,6.74734707
1583538900,9123.45,9118.18,9122.91,9119.2,2.77525205
1583538960,9122.71,9118.19,9118.71,9122.71,5.89227774
1583539020,9127.91,9123.04,9123.16,9127.9,4.1565
1583539080,9138,9127.89,9127.9,9136.71,30.5953854
1583539140,9136.7,9131.6,9136.7,9131.6,4.863348
1583539200,9138,9131.7,9131.75,9138,15.75516512
1583539260,9138,9134.8,9138,9136.58,5.23723136
1583539320,9136.9,9124.63,9136.51,9124.68,28.67386327
1583539380,9124.75,9115.24,9124.63,9121.6,8.46862179
1583539440,9121.61,9116,9121.61,9116.01,7.41301777
1583539500,9116.1,9103.75,9116.09,9104.56,10.120849
1583539560,9116.67,9105.26,9105.26,9116.2,6.34871937
1583539620,9118.04,9112.24,9116.21,9112.24,7.90593326
1583539680,9118.56,9110.38,9112.07,9118.5,4.10558958
1583539740,9118.55,9116.48,9118.55,9118.14,2.04757319
1583539800,9118.12,9117.58,9118.11,9117.79,1.42309419
1583539860,9120,9117.61,9117.8,9119.99,4.95930313
1583539920,9119.99,9116.49,9119.99,9119.65,1.812213
1583539980,9119.94,9110.41,9119.66,9113.19,3.66995356
1583540040,9114.95,9110.22,9113.19,9111.12,2.1905574
1583540100,9111.12,9105,9111.12,9105.3,10.75532636
1583540160,9106.28,9105,9106.15,9105.52,2.72334352
1583540220,9114.93,9105.52,9105.52,9114.93,3.32337148
1583540280,9118.29,9114.94,9114.95,9117.7,2.12705423
1583540340,9117.7,9114.99,9117.7,9114.99,4.07971996
1583540400,9116.9,9113.25,9115,9113.25,5.5236954
1583540460,9114.52,9112.24,9113.25,9113.77,2.48092607
1583540520,9114.27,9111.15,9114.26,9111.98,2.60851777
1583540580,9111.74,9107.14,9111.74,9109.67,9.56360443
1583540640,9115.75,9107.72,9109.67,9115.75,9.34688927
1583540700,9115.75,9114.57,9115.75,9115.29,1.061462
1583540760,9116,9115.2,9115.3,9115.99,13.883111
1583540820,9119.62,9115.99,9115.99,9119.16,10.94303119
1583540880,9119.16,9114.23,9119.16,9115.32,7.04493718
1583540940,9118.29,9115.31,9116.62,9118.07,1.502487
1583541000,9118.06,9113.32,9118.06,9115.04,3.04548436
1583541060,9115.04,9108.72,9115.04,9110.59,2.82024172
1583541120,9113.7,9108.57,9110.59,9112.29,1.819551
1583541180,9114.09,9111.36,9112.29,9112.24,3.012399
1583541240,9117.92,9112.31,9112.31,9115.63,6.29893281
1583541300,9118.43,9115.63,9115.63,9118.43,5.322138
1583541360,9119.59,9116.05,9118.47,9117.24,14.750453
1583541420,9118.12,9115.73,9117.36,9115.74,3.168755
1583541480,9115.75,9114.82,9115.74,9114.83,2.66345935
1583541540,9114.83,9113.35,9114.83,9114.8,3.1970191
1583541600,9117.99,9114.8,9114.8,9117.34,8.19155136
1583541660,9117.72,9117.22,9117.35,9117.45,4.90347801
1583541720,9117.45,9109.94,9117.44,9109.95,26.94663187
1583541780,9119.99,9109.95,9109.95,9119.99,40.84161344
1583541840,9134.48,9119.99,9119.99,9130,26.04045079
1583541900,9132.99,9127.81,9130,9127.96,11.670436
1583541960,9127.99,9125.64,9127.96,9126.23,7.75862072
1583542020,9136,9123.89,9126.24,9135.99,27.820809
1583542080,9139,9135.9,9136,9137.81,8.6726928
1583542140,9138.7,9135.99,9137.81,9137.18,10.09919596
1583542200,9138.99,9136.59,9137.18,9138.97,20.84158287
1583542260,9141,9138.66,9138.98,9141,57.08418282
1583542320,9141,9126.61,9141,9128.12,62.41201202
1583542380,9130.84,9122.58,9128.13,9128.42,28.0649993
1583542440,9128.43,9125.73,9128.42,9125.91,18.26821651
1583542500,9126.49,9125.89,9125.91,9126.49,4.77242855
1583542560,9131.44,9126.15,9126.5,9131.15,15.92741491
1583542620,9132.95,9130.99,9131.15,9131.25,8.752218
1583542680,9131.25,9118.07,9131.25,9118.55,7.88227392
1583542740,9120.82,9118,9118.19,9118.64,7.06327429
1583542800,9124.45,9118.66,9118.66,9123.42,13.92119304
1583542860,9124.87,9121.81,9123.42,9122.15,10.14904774
1583542920,9122.15,9119,9122.14,9119.01,7.2997709
1583542980,9119.01,9105.18,9119.01,9108.87,45.72620752
1583543040,9109.49,9105.2,9109.49,9108.64,11.39177112
1583543100,9115.37,9108.64,9108.64,9115.24,35.88508793
1583543160,9116.24,9112.24,9114.99,9112.24,19.53151807
1583543220,9112.25,9108.81,9112.25,9110.8,6.04480147
1583543280,9110.3,9108.81,9110.3,9108.82,1.8850101
1583543340,9108.81,9108,9108.81,9108,25.69147289
1583543400,9108.01,9107.14,9108,9107.15,19.24473344
1583543460,9110.8,9107.14,9107.14,9109.92,4.226468
1583543520,9115.78,9109.92,9109.92,9115.78,1.80579258
1583543580,9115.91,9113.36,9115.78,9113.87,3.76308483
1583543640,9114.37,9110.98,9113.88,9110.98,1.51266215
1583543700,9111.74,9105.49,9111.06,9105.49,2.87071168
1583543760,9111.85,9105,9106.78,9111.28,8.02715912
1583543820,9110.78,9107.9,9110.78,9108.15,0.78252732
1583543880,9109.35,9106.01,9108.13,9106.01,2.11839904
1583543940,9106.01,9105,9106.01,9105.01,91.03430563
1583544000,9105,9098.08,9105,9098.09,47.24153791
1583544060,9101.14,9093.81,9098.08,9099.14,6.97175655
1583544120,9103.41,9099.13,9099.13,9103.2,7.98523034
1583544180,9105.37,9101.68,9103.11,9104.53,10.777848
1583544240,9104.53,9095,9104.53,9095,13.41333497
1583544300,9098.79,9095,9095,9096.88,8.32948475
1583544360,9109.79,9096.87,9096.88,9109.31,11.91793438
1583544420,9112.16,9102.86,9108.85,9102.86,17.82309797
1583544480,9104.35,9102.63,9102.86,9102.63,6.334125
1583544540,9105.62,9101.02,9102.64,9102.79,18.30345482
1583544600,9104.65,9102.92,9102.96,9103.59,11.40849765
1583544660,9108.61,9103.6,9103.61,9107.87,12.43517654
1583544720,9109.93,9106.38,9107.34,9108.98,5.185127
1583544780,9108.98,9106.3,9108.97,9106.3,2.729445
1583544840,9106.3,9102.04,9106.3,9103.64,8.83092221
1583544900,9103.63,9098.48,9103.63,9098.92,4.74483641
1583544960,9099.83,9098.01,9098.92,9099.59,6.18815365
1583545020,9104.63,9098.62,9099.22,9101.73,6.65108582
1583545080,9104.9,9101.53,9101.55,9102.92,2.453941
1583545140,9104.17,9099.01,9102.92,9100.37,6.35103743
1583545200,9100.38,9098,9100.38,9098,6.387548
1583545260,9098,9095.59,9098,9095.61,1.13300008
1583545320,9095.61,9093.82,9095.61,9094.76,4.769299
1583545380,9094.75,9093.61,9094.64,9094,2.653025
1583545440,9094.69,9093.7,9094.01,9094.68,2.45357112
1583545500,9093.96,9086.17,9093.96,9086.18,15.92141308
1583545560,9088.37,9086,9086.17,9087.49,4.41233184
1583545620,9087.97,9085,9087.51,9085.28,2.33778559
1583545680,9086.46,9083.76,9085.29,9084.76,8.72268697
1583545740,9084.76,9072.87,9084.76,9082.57,29.34190711
1583545800,9086.6,9080.25,9082.57,9086.58,13.197892
1583545860,9086.73,9085.45,9086.55,9085.99,6.070086
1583545920,9089.11,9085.99,9086,9087.88,4.48788813
1583545980,9089.82,9087.87,9087.88,9089.06,3.5031892
1583546040,9089.06,9082.95,9089.06,9082.95,8.73844133
1583546100,9082.68,9078.37,9082.68,9080.46,6.20846352
1583546160,9086.21,9080.45,9080.45,9085.83,5.002033
1583546220,9088.4,9085.83,9085.83,9088,9.9005299
1583546280,9091.82,9088,9088,9090.88,12.60764248
1583546340,9093.7,9090.88,9090.88,9092.99,17.41504507
1583546400,9093,9092.55,9092.99,9092.55,1.38495681
1583546460,9092.55,9086.74,9092.55,9086.74,15.0199223
1583546520,9090,9086.73,9086.74,9088.88,5.42901189
1583546580,9089.04,9084.32,9088.75,9086,15.72567386
1583546640,9086.94,9084.92,9085.9,9086.37,6.54056931
1583546700,9095.88,9086.37,9086.37,9095.86,12.77496489
1583546760,9104.54,9094.5,9095.5,9102.7,21.07098445
1583546820,9104.56,9102.51,9102.83,9103.8,6.84251773
1583546880,9104.01,9099.5,9103.8,9099.5,13.996642
1583546940,9100,9097.57,9099.78,9099.31,4.52541365
1583547000,9103.8,9099.4,9099.4,9103.45,9.35311093
1583547060,9104.48,9101.54,9102.9,9102.03,5.441655
1583547120,9104.29,9102,9102.11,9102,11.32271208
1583547180,9102.01,9093.87,9102,9094.59,5.01066294
1583547240,9096.24,9094.12,9094.54,9094.34,6.00218328
1583547300,9094.57,9093,9094.57,9093.01,3.847082
1583547360,9093.02,9089.48,9093.02,9090.53,10.34523488
1583547420,9090.89,9085.82,9090.53,9087.7,11.58901903
1583547480,9089.08,9085.79,9087.92,9085.79,7.18601659
1583547540,9090.5,9083.41,9085.79,9090.5,5.07319239
1583547600,9091.67,9087.04,9089.77,9087.05,6.03910959
1583547660,9087.04,9084.54,9087.04,9086.28,4.846235
1583547720,9087.3,9084.03,9086.29,9085.76,6.91200325
1583547780,9086.75,9083.4,9085.76,9084.02,9.450364
1583547840,9084.03,9080.4,9084.02,9080.99,23.12444564
1583547900,9083.34,9081.64,9081.64,9082.51,3.66461228
1583547960,9082.79,9080.45,9082.58,9082.11,23.05515956
1583548020,9082.38,9082.1,9082.1,9082.38,1.07866711
1583548080,9084.35,9077.06,9082.39,9078.8,21.21208619
1583548140,9083.71,9077.05,9078.22,9080.97,8.5224745
1583548200,9082,9075.27,9081.21,9075.27,16.37429555
1583548260,9078.42,9075.27,9075.28,9076.9,5.12394748
1583548320,9079.15,9076.66,9076.66,9078.99,1.40241477
1583548380,9087.93,9077.93,9078.99,9087.88,5.023203
1583548440,9089.62,9086.99,9087.86,9089.62,2.752205
1583548500,9091.81,9088.51,9089.62,9088.51,5.76421123
1583548560,9089.56,9087.01,9088.99,9088.36,16.626687
1583548620,9089.61,9088.35,9088.48,9088.56,10.5192825
1583548680,9088.68,9087.75,9088.55,9087.75,6.38321703
1583548740,9087.91,9081.03,9087.91,9081.97,11.206727
1583548800,9084.17,9081.67,9082.1,9083.7,2.568152
1583548860,9091.47,9083.69,9083.7,9090,5.370551
1583548920,9090.01,9085.93,9090.01,9087.87,6.24378926
1583548980,9091.81,9087.86,9087.87,9091.81,5.91006974
1583549040,9093.62,9091.81,9091.81,9093.61,1.99903672
1583549100,9093.43,9092.52,9093.43,9092.54,2.00120355
1583549160,9094.51,9092.54,9092.55,9093.38,5.04695743
1583549220,9093.4,9093.38,9093.38,9093.39,1.85899325
1583549280,9096.93,9093.38,9093.39,9096.93,5.50171081
1583549340,9099.98,9095.24,9097.26,9097.9,6.45187971
1583549400,9098.54,9096.08,9097.9,9097.42,7.70757769
1583549460,9097.69,9083,9097.6,9084.27,17.88277
1583549520,9088.53,9082.74,9083.23,9086.84,11.584698
1583549580,9086.84,9084.08,9086.84,9085.65,2.558855
1583549640,9089.14,9085.61,9085.63,9085.9,10.05192801
1583549700,9086.81,9085.63,9086.31,9086.44,4.42940007
1583549760,9089.84,9082.96,9086.43,9085.8,38.740076
1583549820,9087.52,9084.73,9086.91,9087.52,4.087714
1583549880,9090.35,9087.53,9087.54,9090.16,2.83267315
1583549940,9098.72,9090.19,9090.19,9097.01,11.22097384
1583550000,9097,9091.83,9097,9095.44,15.07181063
1583550060,9096.99,9094.13,9095.45,9096.36,24.17956936
1583550120,9096.35,9089.33,9096.35,9089.43,10.67282591
1583550180,9093.45,9089.28,9089.43,9093.36,6.90749168
1583550240,9093.43,9087.75,9093.43,9087.96,8.92861325
1583550300,9090,9087.31,9087.96,9089.41,7.62600011
1583550360,9090,9088.04,9089.33,9088.7,4.88473001
1583550420,9088.69,9084.73,9088.57,9085.17,10.31162357
1583550480,9086.45,9084.48,9084.73,9086.45,3.56481995
1583550540,9087.95,9085.46,9086.53,9085.69,8.91578011
1583550600,9090.39,9085.44,9085.75,9089.64,3.476441
1583550660,9091.83,9089.64,9089.64,9091.82,1.54937299
1583550720,9096,9091.83,9091.83,9094.52,7.129671
1583550780,9095.1,9090.01,9094.67,9090.84,2.59542304
1583550840,9091.68,9090.68,9090.84,9091,0.890419
1583550900,9091.01,9087.24,9091.01,9087.94,2.30253789
1583550960,9089.05,9087.94,9087.94,9087.98,1.04822455
1583551020,9092.7,9087.96,9087.98,9092.64,2.41575701
1583551080,9092.65,9088.57,9092.65,9091.51,11.75150289
1583551140,9092.6,9089.18,9091.33,9092.08,8.47196277
1583551200,9093.35,9091.34,9091.67,9093.25,3.87331318
1583551260,9093.58,9093.02,9093.23,9093.53,4.18627703
1583551320,9093.54,9093.23,9093.53,9093.51,1.594364
1583551380,9094.87,9093.5,9093.5,9094.65,20.23739942
1583551440,9096,9093.6,9094.12,9096,7.89162879
1583551500,9100,9096,9096,9099.99,16.62559815
1583551560,9104.35,9099.99,9099.99,9104.35,7.64803122
1583551620,9104.36,9100.96,9104.35,9101.93,9.77775633
1583551680,9106.36,9100.97,9102.67,9106.36,59.43482109
1583551740,9108.81,9106.36,9106.36,9108.16,5.93300993
1583551800,9114.98,9108.16,9108.16,9112.86,33.19739023
1583551860,9112.86,9106.07,9112.86,9106.69,30.438343
1583551920,9110.57,9106.69,9107.45,9107.66,8.845103
1583551980,9107.67,9106.1,9107.67,9107.66,1.82888663
1583552040,9107.66,9105.78,9107.66,9105.78,12.52085376
1583552100,9105.71,9096,9105.71,9096,22.45895414
1583552160,9098.95,9093.24,9096.01,9098.95,10.89639526
1583552220,9098.94,9093.35,9098.94,9095.24,6.48421689
1583552280,9096.44,9093.26,9095.29,9096.15,3.67273263
1583552340,9096.47,9095.21,9096.47,9095.23,0.39141
1583552400,9100,9095.23,9095.23,9099.01,1.493766
1583552460,9100,9098.91,9099.02,9098.91,0.85863591
1583552520,9099.02,9096.06,9098.98,9097.13,2.443958
1583552580,9097.99,9095.45,9096.8,9096.19,1.55747882
1583552640,9096.32,9094.12,9095.99,9096,0.595357
1583552700,9096,9092,9096,9092,2.40225525
1583552760,9092.01,9091,9092.01,9091.01,4.92291522
1583552820,9094.35,9091,9091.01,9091.81,4.3857844
1583552880,9093.02,9090.8,9091.8,9090.82,1.76879572
1583552940,9090.83,9088.1,9090.83,9088.77,16.67246359
1583553000,9089.97,9088.41,9088.5,9088.5,0.8128893
1583553060,9088.5,9088,9088.5,9088,10.40643793
1583553120,9088,9086.76,9088,9086.77,17.5695325
1583553180,9086.77,9086.13,9086.77,9086.43,6.13182351
1583553240,9086.44,9086.4,9086.44,9086.4,1.61166
1583553300,9089.99,9086.13,9086.4,9089.99,7.19239809
1583553360,9092.9,9088.67,9090,9089.77,5.15326
1583553420,9090.34,9087.74,9089.12,9089,3.89782279
1583553480,9090.55,9087.2,9088.99,9089.89,7.57626138
1583553540,9091.95,9089.89,9090.16,9089.94,6.213919
1583553600,9089.95,9085,9089.95,9085.39,7.64544985
1583553660,9089.75,9079.94,9085.15,9085.77,129.27786525
1583553720,9086.87,9083.23,9085.78,9085.93,1.74290561
1583553780,9094.87,9085.93,9085.93,9093.2,7.35158977
1583553840,9106.16,9093.19,9093.19,9101.48,37.23985403
1583553900,9103.89,9099.31,9101.69,9099.32,7.65024912
1583553960,9102.99,9097.4,9099.32,9102.98,8.43420735
1583554020,9103.44,9100.6,9103.44,9100.88,6.297039
1583554080,9101.12,9099.08,9101.12,9099.53,4.42470744
1583554140,9099.49,9092.95,9099.49,9096.85,9.095552
1583554200,9097.36,9090.48,9096.84,9091.57,4.77697589
1583554260,9092.55,9089.24,9090.98,9089.24,13.803244
1583554320,9089.24,9085.31,9089.24,9086.62,4.80425237
1583554380,9092.24,9084.98,9086.9,9090.63,4.96985093
1583554440,9090.77,9087.09,9090.77,9088.08,2.51477313
1583554500,9088.85,9087.41,9088.08,9088.54,1.010261
1583554560,9088.54,9084.8,9087.39,9084.9,2.301115
1583554620,9087.53,9085.12,9085.15,9086.48,1.689436
1583554680,9086.47,9085.16,9086.47,9086.4,0.59978016
1583554740,9087.53,9086.4,9086.4,9086.55,1.89149068
1583554800,9087.49,9085.42,9086.58,9086.35,0.99124897
1583554860,9086.27,9082.74,9086.27,9082.74,5.727092
1583554920,9082.74,9082,9082.72,9082.01,0.561601
1583554980,9083.44,9080.08,9082.01,9081.55,1.5895261
1583555040,9087.52,9080.83,9081.41,9083.25,16.35530684
1583555100,9087.52,9083.24,9083.25,9087.52,2.56672408
1583555160,9087.52,9085.2,9087.52,9086.17,4.15346734
1583555220,9086.07,9078.3,9086.05,9078.31,10.70383844
1583555280,9079.99,9078.18,9078.31,9078.99,1.92613393
1583555340,9078.75,9076.54,9078.18,9077.32,5.6735865
1583555400,9080,9077.32,9077.32,9080,7.16844717
1583555460,9083.17,9079.99,9080,9082.58,4.22841873
1583555520,9083.58,9080.61,9082.57,9082.45,4.15627738
1583555580,9084.51,9082,9082,9083.7,1.93962275
1583555640,9084.88,9082.62,9083.7,9084.25,4.29998
1583555700,9084.43,9078.21,9084.15,9079.03,9.01947977
1583555760,9081.26,9078.48,9079.03,9079.84,2.63886931
1583555820,9080.24,9074.06,9079.87,9074.06,75.082599
1583555880,9074.52,9064.06,9073.87,9067.41,19.13014015
1583555940,9072.88,9067.76,9067.76,9070.2,10.32014315
1583556000,9071.12,9066.44,9070.42,9066.46,9.8318568
1583556060,9069.12,9063.37,9066.46,9067.11,7.37762417
1583556120,9067.62,9063.37,9067.04,9063.48,5.365373
1583556180,9064.92,9062.36,9063.48,9063.48,8.64251013
1583556240,9073.02,9063.42,9063.43,9072.37,25.03744489
1583556300,9074,9070.5,9072.54,9073.99,0.8379
1583556360,9077.63,9074,9074,9074,6.11502
1583556420,9074,9063.54,9074,9064.45,5.91107802
1583556480,9069.15,9064.52,9065.65,9069.14,2.163608
1583556540,9071.11,9067.49,9069.13,9071.1,5.16739148
1583556600,9071.11,9068.56,9071.11,9071.1,1.67090516
1583556660,9076.11,9069.29,9071.1,9076.1,6.039812
1583556720,9078,9076.1,9076.51,9076.27,3.965633
1583556780,9076.75,9071.42,9076.75,9071.45,4.083015
1583556840,9074.62,9071.44,9071.45,9073.31,2.029739
1583556900,9075.66,9072.43,9072.48,9075.66,2.0273092
1583556960,9079.12,9074.82,9075.67,9078.05,7.53286717
1583557020,9078.63,9077.14,9077.77,9077.15,1.360221
1583557080,9077.14,9072.58,9077.14,9073.34,3.46772353
1583557140,9073.39,9071.42,9072.9,9071.73,3.337421
1583557200,9071.74,9065,9071.73,9065.01,8.37056244
1583557260,9070.49,9065.01,9065.01,9069.45,3.78330469
1583557320,9069.15,9061.22,9069.15,9062.39,9.50238655
1583557380,9067.28,9060.69,9062.39,9066.47,5.82866219
1583557440,9066.51,9061.61,9066.51,9065.89,11.24027205
1583557500,9066.05,9063.16,9066.05,9064.88,3.92413496
1583557560,9066.87,9062.53,9064.87,9062.53,5.25879853
1583557620,9063.45,9061.94,9062.52,9061.98,2.98047476
1583557680,9062.17,9060.82,9061.98,9062,8.53793037
1583557740,9069.91,9062.15,9062.17,9069.91,6.578988
1583557800,9069.26,9064.43,9069.26,9064.43,9.57074618
1583557860,9065.56,9064.24,9065.11,9065,7.6031538
1583557920,9067.45,9064.72,9065,9067.11,5.237425
1583557980,9067.23,9065.66,9067.23,9066.57,11.02991369
1583558040,9066.43,9065.95,9066.42,9066.42,2.078308
1583558100,9068.68,9061.92,9066.41,9061.96,16.50187778
1583558160,9064.42,9061.16,9061.94,9061.6,13.18949335
1583558220,9064.66,9060,9061.92,9063.65,9.77250347
1583558280,9065,9063.17,9063.65,9064.01,8.24354858
1583558340,9069.66,9064.34,9064.34,9068.83,12.204428
1583558400,9076.23,9068.82,9068.82,9074.92,8.61996592
1583558460,9079,9074.91,9074.91,9078.72,5.199634
1583558520,9080.01,9075.56,9078.71,9079.51,10.41707542
1583558580,9080.34,9076.21,9079.5,9076.23,32.322451
1583558640,9080.01,9075.58,9076.22,9079.52,21.92473273
1583558700,9082.74,9077.67,9079.51,9081.03,3.8664401
1583558760,9083.01,9079.36,9081.11,9079.36,12.12856301
1583558820,9079.37,9075.52,9079.36,9076.53,7.16007611
1583558880,9076.53,9067.82,9076.53,9069.85,16.68108808
1583558940,9071.3,9067.82,9069.81,9069.32,4.18665602
1583559000,9069.32,9061.53,9069.32,9061.53,14.48368308
1583559060,9067.9,9061.54,9061.54,9065.68,9.466843
1583559120,9065.68,9063.23,9065.68,9063.23,2.412821
1583559180,9072.96,9063.22,9063.23,9072.37,3.79823393
1583559240,9079.01,9073.1,9073.51,9074.11,13.121195
1583559300,9077.73,9074.14,9074.14,9077.73,0.52855911
1583559360,9077.75,9076.19,9077.72,9076.2,3.50139926
1583559420,9077.49,9061.36,9075.56,9063.58,17.14832525
1583559480,9067.61,9063.06,9064.71,9066.7,5.84770081
1583559540,9069.69,9065,9066.7,9069.69,5.172493
1583559600,9069.69,9065,9069.69,9066.63,6.459303
1583559660,9070,9065.03,9066.4,9065.83,6.58566719
1583559720,9066.72,9065.41,9065.83,9065.41,1.99918092
1583559780,9080.21,9064.09,9065,9077.72,23.64077839
1583559840,9078.24,9074.11,9077.72,9074.23,7.39998155
1583559900,9075.71,9071.43,9074.54,9071.43,7.51728944
1583559960,9075.99,9071.69,9071.69,9074.72,1.66914
1583560020,9074.72,9069.42,9074.49,9069.42,1.93314056
1583560080,9073.2,9069.42,9069.42,9071.59,1.743724
1583560140,9075.15,9072.3,9072.3,9075.15,0.85581873
1583560200,9078.2,9074.84,9075,9077.73,6.18332566
1583560260,9080.26,9077.73,9077.73,9080.26,1.687491
1583560320,9082.25,9076.78,9080.6,9080.18,3.9056586
1583560380,9083.24,9076.8,9079.99,9082.48,6.23180974
1583560440,9082.49,9079.02,9082.49,9080.94,6.29128326
1583560500,9083.78,9080.94,9080.95,9083.56,7.5813412
1583560560,9083.98,9080.94,9083.57,9081.85,16.0441384
1583560620,9081.91,9077.33,9081.91,9079.29,18.76410083
1583560680,9080.54,9078.1,9079.29,9078.9,2.058406
1583560740,9079.62,9076.96,9078.07,9078.09,4.40376691
1583560800,9081.91,9078,9078.09,9081.36,9.18833908
1583560860,9084.52,9080.84,9081.36,9083.9,20.09030425
1583560920,9085.71,9083.79,9084.08,9085.06,11.73024809
1583560980,9087.52,9084.63,9085.18,9085.49,11.51772119
1583561040,9088.17,9085.4,9085.4,9088.16,4.181633
1583561100,9091,9087.07,9088.16,9089.3,5.68398786
1583561160,9091.59,9088.7,9088.7,9091.01,3.33260659
1583561220,9091.69,9088.74,9090.51,9091.69,1.11366887
1583561280,9091.1,9085.57,9091.05,9086.87,5.23096424
1583561340,9086.87,9081.4,9086.87,9081.45,5.40133952
1583561400,9084.45,9080.4,9081.3,9084.45,6.30446805
1583561460,9086.69,9082.92,9082.92,9086.05,2.49050286
1583561520,9086.17,9082.73,9086.02,9083.36,2.88841413
1583561580,9086.72,9083.36,9083.36,9085.49,4.1015797
1583561640,9087.25,9084.1,9085.41,9086.95,7.7070526
1583561700,9087.92,9082.83,9086.3,9082.83,7.573396
1583561760,9086.96,9082.15,9082.6,9085.19,5.167569
1583561820,9089.16,9085.19,9085.19,9087.16,3.570349
1583561880,9087.16,9084.25,9087.16,9085.41,3.62917129
1583561940,9088.68,9085.07,9086.76,9088.5,3.23660575
1583562000,9094.68,9088.51,9088.59,9094.24,7.64709217
1583562060,9094.24,9090.17,9094.24,9090.46,8.655858
1583562120,9090.01,9085,9090,9085.3,3.201629
1583562180,9085.37,9084.3,9085.37,9084.3,1.999585
1583562240,9085.32,9084.3,9084.3,9084.43,2.35542769
1583562300,9086.66,9084,9084.43,9084.1,4.47110631
1583562360,9084.1,9083.32,9084.1,9083.33,4.57970527
1583562420,9084.5,9082.74,9083.39,9082.74,3.66683647
1583562480,9082.74,9081.63,9082.74,9082.25,4.12217691
1583562540,9084.13,9081.64,9082.25,9081.64,6.734811
1583562600,9081.64,9078.48,9081.64,9079.91,22.22021098
1583562660,9085.63,9079.91,9079.91,9083.07,22.876349
1583562720,9090.81,9083.06,9083.07,9089.37,12.09522594
1583562780,9093.45,9088.91,9088.91,9089.74,7.397526
1583562840,9089.73,9082.94,9089.73,9083.17,5.34185709
1583562900,9083.56,9079.01,9083.52,9079.02,14.232382
1583562960,9079.01,9075.92,9079.01,9078.5,4.81561348
1583563020,9078.49,9074.94,9078.49,9075.76,4.27781231
1583563080,9076.58,9074.99,9075.77,9076.57,3.137777
1583563140,9083.61,9076.58,9076.58,9082.23,4.63547054
1583563200,9083.47,9075.9,9083.3,9075.9,5.39486764
1583563260,9078.23,9075.01,9075.91,9075.01,2.40807627
1583563320,9076.85,9074.51,9075.01,9074.51,1.09926047
1583563380,9081.63,9074.01,9074.51,9080.15,24.3012799
1583563440,9087.24,9079.75,9079.86,9084.81,8.44186733
1583563500,9086.26,9079.67,9084.86,9080.17,3.234243
1583563560,9081.23,9060,9081.23,9074.03,109.998219
1583563620,9074.03,9071.96,9074.03,9072.07,7.18291182
1583563680,9076.53,9068.79,9072.49,9076.5,11.29022351
1583563740,9077.74,9073.28,9076.51,9073.29,3.406404
1583563800,9075.51,9072.16,9073.29,9072.22,6.297445
1583563860,9077.07,9071.42,9072.22,9074.08,7.149061
1583563920,9078.09,9073.58,9074.08,9078.09,10.02593372
1583563980,9078.74,9075.08,9078.08,9075.74,4.45265433
1583564040,9078.03,9073.83,9075.75,9076.94,15.29247
1583564100,9076.93,9073.68,9076.93,9073.84,3.152045
1583564160,9077.03,9073,9073.84,9073,3.209011
1583564220,9072.27,9069,9072.27,9070.76,1.5233527
1583564280,9071.39,9068.59,9070.7,9070.52,5.01460004
1583564340,9070.69,9068.42,9070.53,9069.75,1.951266
1583564400,9070,9066.19,9069.83,9069.99,12.6401472
1583564460,9070,9067.91,9069.99,9067.92,1.09201577
1583564520,9066.7,9062.04,9066.5,9062.66,9.23861449
1583564580,9066.32,9061,9062.45,9064.48,9.93520982
1583564640,9073.51,9064.48,9064.48,9071.29,9.86141153
1583564700,9073.51,9070.56,9071.96,9073.43,7.06307257
1583564760,9073.91,9070.56,9073.91,9070.93,2.4067153
1583564820,9072.72,9069.77,9070.93,9072.66,4.59957986
1583564880,9072.92,9071.58,9072.65,9072.11,9.12045897
1583564940,9072.11,9063.5,9072.11,9064.33,6.948839
1583565000,9065.35,9050,9064.32,9055.15,58.4477377
1583565060,9055.7,9054.56,9055.7,9054.56,11.930144
1583565120,9058.31,9051.39,9054.09,9057.45,20.62843139
1583565180,9063.69,9055.79,9057.45,9058.72,8.84701
1583565240,9063.68,9050,9059.19,9055.79,16.621977
1583565300,9062.51,9055.77,9055.77,9061.03,7.76704498
1583565360,9062.67,9059.71,9061.42,9059.93,10.39956528
1583565420,9059.93,9058.08,9059.93,9058.97,3.445757
1583565480,9059.91,9058.69,9058.99,9058.79,7.21847313
1583565540,9062.29,9058.74,9058.74,9060,13.4214
1583565600,9061.42,9060.01,9060.02,9060.02,2.5902763
1583565660,9061.12,9060.46,9060.46,9060.83,2.6667905
1583565720,9061.42,9060.84,9060.84,9061.42,0.400766
1583565780,9061.42,9061.2,9061.42,9061.2,1.04557632
1583565840,9061.2,9057.51,9061.19,9058.22,6.979834
1583565900,9062.29,9057.93,9058.08,9062.29,5.6831502
1583565960,9065.72,9062.07,9062.29,9065.62,21.670251
1583566020,9067.88,9065.39,9065.42,9067.87,3.85712956
1583566080,9069.92,9067.88,9067.88,9069.28,3.84294133
1583566140,9076.87,9068.86,9068.86,9076.87,15.190229
1583566200,9077.87,9071.43,9077.18,9071.64,5.583614
1583566260,9073.12,9071.23,9071.64,9071.23,7.339366
1583566320,9075.44,9070.41,9070.42,9075.44,3.67183923
1583566380,9075.38,9072.35,9075.38,9074.29,8.16069613
1583566440,9074.77,9070.52,9074.05,9070.53,7.35119995
1583566500,9074.49,9070.56,9070.56,9072.17,6.504723
1583566560,9073.07,9067.91,9072.89,9067.92,6.747788
1583566620,9069.49,9066.33,9067.92,9066.33,10.30450385
1583566680,9070.75,9066.2,9066.33,9070.58,3.493138
1583566740,9070.58,9067.14,9070.57,9068.75,7.84547369
1583566800,9071.42,9068.86,9068.86,9071.41,2.496844
1583566860,9071.41,9068,9071.41,9069.9,4.72779845
1583566920,9072.77,9066.72,9069.9,9071.3,12.56667017
1583566980,9072.77,9069.91,9071.28,9070.43,5.21741274
1583567040,9073.9,9070.61,9070.71,9073.23,5.40794624
1583567100,9078.4,9073.24,9073.68,9076.01,7.16832145
1583567160,9082,9075.35,9076,9078.85,13.94832222
1583567220,9081.28,9077.99,9078.65,9079.94,6.919779
1583567280,9081.26,9076.53,9079.12,9078.11,8.401085
1583567340,9078.11,9076.53,9078.11,9076.79,10.29942561
1583567400,9081.58,9076.8,9076.8,9080.03,4.892296
1583567460,9081.99,9080.26,9080.26,9081.67,5.15294088
1583567520,9083.24,9081.4,9081.67,9082,3.79568478
1583567580,9081.99,9078.24,9081.99,9078.25,3.4178825
1583567640,9079.34,9077.42,9078.25,9078.36,2.80072989
1583567700,9090,9078.36,9078.37,9088.22,21.95383823
1583567760,9089.01,9085.74,9088.22,9087.31,11.076865
1583567820,9088.22,9086.59,9087.1,9088.22,6.8704
1583567880,9089.12,9087.18,9088.21,9088.17,8.65399169
1583567940,9088.17,9082.05,9088.17,9085.62,8.272015
1583568000,9088.33,9079.98,9085.62,9080,25.0627249
1583568060,9080,9079.86,9080,9080,13.7743592
1583568120,9083.64,9078.43,9080,9083.64,6.03829243
1583568180,9083.72,9080.88,9083.64,9083,8.82975259
1583568240,9088.7,9082.99,9083,9088.21,9.63034541
1583568300,9088.03,9085.71,9087.91,9088.03,8.717959
1583568360,9089.91,9088.02,9088.03,9088.62,7.58337453
1583568420,9090,9088.13,9088.13,9089.45,11.0706034
1583568480,9089.96,9087.4,9089.49,9089.96,7.86296948
1583568540,9091.8,9087.42,9089.96,9088.16,20.53730053
1583568600,9092.78,9088.16,9088.16,9092.78,6.484331
1583568660,9096.46,9092.77,9093.06,9095.03,12.849475
1583568720,9096.93,9095,9096.04,9095.37,2.84106731
1583568780,9099,9095.37,9095.37,9099,5.738415
1583568840,9099.96,9095.38,9098.99,9096.74,5.82659828
1583568900,9096.74,9094.06,9096.74,9094.73,4.18172687
1583568960,9096.74,9094.68,9094.68,9095.39,1.03975181
1583569020,9095.39,9093.21,9095.39,9093.96,2.90070989
1583569080,9093.96,9091.48,9093.95,9092.68,6.03055704
1583569140,9095.73,9092.62,9092.63,9095.67,5.211645
1583569200,9095.87,9095.22,9095.66,9095.22,0.86533615
1583569260,9096,9094.02,9095.99,9095.99,7.89332739
1583569320,9098,9095,9095.99,9097.99,3.344153
1583569380,9098.5,9097.98,9097.99,9098.49,12.3489497
1583569440,9099.86,9096.87,9098.46,9097.51,5.1965313
1583569500,9098.43,9091.88,9097.62,9091.88,1.88245
1583569560,9092.68,9090.19,9092.68,9092.58,4.02505428
1583569620,9098.04,9092.56,9092.58,9097.82,3.74903847
1583569680,9099,9097.99,9098,9099,7.799787
1583569740,9099.77,9098.14,9099,9099.76,3.73694
1583569800,9099.99,9096.51,9099.77,9096.92,8.99730558
1583569860,9099,9094.99,9096.51,9098.08,15.366321
1583569920,9098.94,9094.68,9098.56,9095.07,4.66506665
1583569980,9097.14,9093.44,9095.07,9095.46,2.26442716
1583570040,9095.26,9094.33,9095.19,9094.36,1.150235
1583570100,9098.04,9092.06,9094.35,9097.1,12.87667132
1583570160,9097.02,9091.83,9097.01,9094.4,4.10857529
1583570220,9095.19,9087.42,9092.51,9087.42,8.493384
1583570280,9091.83,9087.42,9087.42,9090.01,2.671352
1583570340,9090.44,9088.25,9090.01,9090,2.76751018
1583570400,9095.18,9088.73,9090,9093.41,11.363849
1583570460,9098.04,9092.99,9093.41,9098.03,2.53621517
1583570520,9098.04,9093.22,9098.04,9097.99,4.406396
1583570580,9098.84,9096.27,9097.99,9098.46,8.03202957
1583570640,9100,9098.01,9098.46,9099.75,18.82013297
1583570700,9100,9099.09,9099.11,9100,13.3991184
1583570760,9102,9099.99,9100,9102,20.17412233
1583570820,9103.38,9102,9102,9103.37,6.50381497
1583570880,9103.38,9102.69,9103.38,9102.7,11.74175392
1583570940,9102.69,9098.48,9102.69,9099.57,6.81753494
1583571000,9105,9099.57,9099.57,9102.56,39.27705694
1583571060,9104.73,9101.78,9102.56,9102.71,29.19683397
1583571120,9103.52,9102.29,9103.03,9103.52,17.51230282
1583571180,9107.13,9103.52,9103.52,9106.51,12.927898
1583571240,9108.01,9106.1,9106.13,9106.13,17.8027923
1583571300,9107.36,9104.53,9106.12,9106.31,3.80424494
1583571360,9106.65,9101.37,9106.65,9101.37,13.10650877
1583571420,9101.24,9099.2,9101.24,9099.81,6.52479415
1583571480,9100,9099.2,9099.86,9099.36,9.15213621
1583571540,9106.35,9099.36,9099.37,9102.28,20.29980745
1583571600,9105,9102.27,9102.27,9104.42,11.91890216
1583571660,9105,9103.55,9103.79,9105,10.07870569
1583571720,9107.13,9104.99,9104.99,9106.38,3.10355554
1583571780,9107.14,9106,9106.38,9106.02,9.16618745
1583571840,9106.02,9103.99,9106.01,9103.99,7.09263902
1583571900,9104.99,9103.24,9104,9103.24,9.682388
1583571960,9103.25,9102.28,9103.24,9102.28,5.02337511
1583572020,9102.28,9100.65,9102.28,9100.84,7.9561498
1583572080,9100.7,9098.86,9100.7,9098.91,21.19593584
1583572140,9098.55,9092.98,9098.55,9092.98,7.65130714
1583572200,9094.34,9091.03,9092.93,9093.05,8.03100624
1583572260,9093.05,9091.56,9093.05,9092.98,2.511919
1583572320,9093.05,9091.58,9093.05,9091.93,2.075754
1583572380,9092.48,9091.7,9091.73,9091.73,4.04988087
1583572440,9094.31,9091.7,9091.73,9094.29,5.436944
1583572500,9094.31,9092.74,9094.29,9092.76,4.78859035
1583572560,9094,9092.39,9092.77,9092.88,5.00646728
1583572620,9093.26,9092.31,9092.87,9093.26,1.478272
1583572680,9094.31,9093.26,9093.26,9093.67,3.79677198
1583572740,9094.25,9093.26,9094.24,9094.25,13.657499
1583572800,9101.99,9094.24,9094.25,9097.98,26.46388702
1583572860,9100.68,9096.89,9096.89,9098.23,3.59157672
1583572920,9100.36,9098.07,9098.07,9099.32,2.940382
1583572980,9104.96,9099.33,9099.33,9104.17,8.37343587
1583573040,9105.01,9100.95,9104.18,9103.87,40.76249526
1583573100,9103.58,9099.77,9100.17,9102.96,2.832727
1583573160,9105.92,9101.56,9103.56,9105.14,2.32860273
1583573220,9105.55,9101.28,9105.37,9102.17,8.33890964
1583573280,9104.54,9100.89,9102.17,9100.89,9.073759
1583573340,9103.35,9099.95,9100.88,9102.95,3.05327144
1583573400,9102.95,9101.73,9102.95,9101.8,1.8257788
1583573460,9101.82,9100.83,9101.8,9101.81,1.65737106
1583573520,9101.82,9101.11,9101.82,9101.29,2.812456
1583573580,9101.82,9091.4,9101.29,9095.27,22.14598098
1583573640,9095.7,9091.13,9095.26,9092.76,5.28710481
1583573700,9092.99,9090.11,9092.76,9092,11.884028
1583573760,9096.93,9092,9092,9095.99,13.45588778
1583573820,9099.26,9094.55,9096.1,9099.23,4.13882692
1583573880,9102.04,9099.23,9099.23,9101.83,11.52150597
1583573940,9102.17,9101.24,9101.83,9102.17,15.31041504
1583574000,9102.17,9095,9102.16,9095.01,11.939879
1583574060,9095.01,9093.25,9095,9095,5.534171
1583574120,9100.99,9095,9095,9100.99,3.134412
1583574180,9101,9097.59,9101,9099.01,2.37474076
1583574240,9101.7,9099.01,9099.01,9101.69,1.450368
1583574300,9104.6,9101.69,9101.7,9104.6,4.480382
1583574360,9105.55,9104.6,9104.99,9105.55,12.93305054
1583574420,9109,9105.01,9105.01,9107.3,15.86300146
1583574480,9110,9107.14,9107.2,9110,11.01545485
1583574540,9110,9106.5,9109.06,9108.18,21.521567
1583574600,9108.67,9104.63,9107.91,9104.63,5.35809263
1583574660,9105,9103.95,9104.62,9104.43,5.741988
1583574720,9104.52,9101.83,9104.52,9103.93,9.08207417
1583574780,9110,9103.93,9103.94,9109.57,9.67157185
1583574840,9109.58,9109.33,9109.57,9109.41,5.3063355
1583574900,9109.5,9108.23,9109.49,9108.53,6.54874377
1583574960,9113.98,9108.49,9108.54,9111.82,8.87092627
1583575020,9111.82,9108.81,9111.35,9108.81,4.40157188
1583575080,9110,9108.81,9108.82,9109.81,4.20720587
1583575140,9112.53,9109.73,9109.87,9111.06,11.655628
1583575200,9114,9111.07,9111.07,9114,25.72775092
1583575260,9114.7,9111.61,9113.99,9112.21,10.81419719
1583575320,9114.25,9112.08,9112.79,9113.37,15.4478294
1583575380,9113.87,9113.08,9113.36,9113.11,20.43589844
1583575440,9113.99,9113.08,9113.11,9113.98,2.91764161
1583575500,9115,9110.12,9113.99,9112.27,49.88319059
1583575560,9112.2,9100.8,9111.45,9101.08,32.07440246
1583575620,9107.14,9098.95,9100.9,9106.78,6.52235375
1583575680,9106.79,9102.11,9106.79,9104.09,7.323371
1583575740,9104.1,9103.33,9104.09,9103.34,1.198248
1583575800,9108.94,9103.33,9103.34,9107,12.81580047
1583575860,9108.86,9105.15,9107,9105.62,5.6806
1583575920,9107.7,9104.08,9105.92,9105.98,7.09735212
1583575980,9106.82,9104.5,9105.37,9105.37,17.01335
1583576040,9106.17,9103,9105.36,9103.54,7.36511596
1583576100,9103.55,9100.38,9103.54,9100.38,9.53996672
1583576160,9102.55,9100,9100.4,9102.13,10.60815542
1583576220,9104.98,9102.01,9102.13,9104.08,4.10488998
1583576280,9109.52,9102.39,9104.83,9104.18,11.92801494
1583576340,9106.82,9103.43,9103.47,9106.82,6.64678079
1583576400,9108.49,9106.81,9106.82,9107.76,8.498811
1583576460,9111.1,9107.49,9107.76,9109.36,13.763573
1583576520,9109.6,9107.36,9109.3,9107.36,5.89675462
1583576580,9107.31,9105.2,9107.21,9105.68,3.78272187
1583576640,9105.68,9102.27,9105.68,9103.81,5.29653907
1583576700,9104.44,9102.14,9103.41,9102.26,7.771897
1583576760,9108.22,9102.14,9102.27,9106.74,8.94054212
1583576820,9109.99,9106.49,9107.36,9109.99,4.47708087
1583576880,9111.1,9108.48,9110,9110.39,3.585375
1583576940,9110.41,9106.53,9110.34,9106.53,9.838497
1583577000,9111.1,9106.53,9106.54,9111.1,4.240773
1583577060,9114,9109.55,9111.09,9112.84,8.624667
1583577120,9114,9111.59,9112.83,9113.98,6.081093
1583577180,9113.55,9111.41,9113.27,9112.8,5.875635
1583577240,9112.8,9109.54,9112.8,9109.57,4.609903
1583577300,9114,9109.55,9109.57,9114,5.07489899
1583577360,9114,9112.31,9114,9114,2.45272053
1583577420,9115,9114,9114,9114.99,24.01705072
1583577480,9115,9108.86,9115,9109.19,4.81616092
1583577540,9112.14,9109.19,9109.19,9110.79,10.37307538
1583577600,9115,9110.79,9110.79,9114.91,6.664543
1583577660,9115,9110.69,9114.91,9110.83,4.87608599
1583577720,9113.1,9110.04,9110.78,9110.04,2.85429
1583577780,9110.28,9109.04,9110.04,9109.81,5.40448995
1583577840,9109.95,9108.69,9109.69,9108.74,4.51195971
1583577900,9110,9101.03,9108.74,9101.43,22.4626613
1583577960,9106.27,9101.81,9101.81,9103.89,4.507232
1583578020,9107.13,9101.62,9103.89,9107.13,8.575204
1583578080,9109.55,9103.32,9107.12,9108.72,6.88615706
1583578140,9109.08,9103.08,9108.73,9105.05,3.606148
1583578200,9115,9100,9105.06,9102.26,25.87245249
1583578260,9103.91,9100,9100.52,9102.19,10.42928574
1583578320,9102.43,9095.51,9102.43,9095.53,27.24458415
1583578380,9097.12,9092.71,9095.52,9093.58,22.74209918
1583578440,9097.14,9092.18,9093.59,9095.11,10.22729738
1583578500,9096.16,9093.6,9096.16,9093.98,4.7958625
1583578560,9099.07,9093.72,9093.96,9099.07,5.223055
1583578620,9099.07,9094.64,9099.06,9094.87,4.92229272
1583578680,9095.96,9091.94,9094.88,9095.87,6.18317
1583578740,9098.99,9095.72,9095.86,9096.39,3.335056
1583578800,9098.89,9096.31,9096.59,9096.36,2.77327409
1583578860,9097.67,9094.19,9096.86,9095.07,4.90500452
1583578920,9095.08,9091.27,9094.32,9092.74,6.499909
1583578980,9094.59,9089.28,9092.01,9094.59,12.12281
1583579040,9094.72,9092.11,9094.59,9092.9,3.79090876
1583579100,9094.33,9089,9092.91,9089.28,15.09480851
1583579160,9090.28,9085.69,9090.07,9086.03,11.26060938
1583579220,9087.5,9085,9086.03,9085.01,10.782351
1583579280,9086.17,9085,9085.01,9086.1,12.31079843
1583579340,9091.83,9086.02,9086.11,9091.06,9.77095294
1583579400,9091.2,9088.65,9090.85,9088.93,2.345496
1583579460,9088.93,9088,9088.93,9088.01,1.90844
1583579520,9089.98,9087.63,9088.01,9089.05,6.134983
1583579580,9088.91,9087.78,9088.91,9087.78,1.494054
1583579640,9087.78,9085.01,9087.77,9085.02,2.475018
1583579700,9085.02,9085.01,9085.01,9085.02,0.99450204
1583579760,9086.96,9081.7,9085.02,9082.55,27.85584562
1583579820,9082.65,9081.66,9082.54,9081.97,18.21966519
1583579880,9084.45,9082.97,9083.44,9083.84,1.19278825
1583579940,9083.84,9080,9083.84,9080.01,44.385806
1583580000,9081.64,9080,9080.01,9081.64,3.875372
1583580060,9083.37,9078.94,9081.64,9081.06,6.26019471
1583580120,9081.77,9073.76,9081.63,9074.01,10.37383552
1583580180,9076.43,9070.55,9073.69,9074.66,11.71423988
1583580240,9076.13,9073,9076.08,9073.87,10.58654713
1583580300,9080,9073.48,9073.88,9079.07,14.30945808
1583580360,9079.29,9077.03,9079.07,9078.97,5.50979947
1583580420,9078.97,9076.78,9078.96,9076.85,7.18691342
1583580480,9081.71,9076.81,9076.85,9081.71,10.72986721
1583580540,9087.72,9082.19,9082.27,9087.5,7.178382
1583580600,9090.01,9087.49,9087.5,9090,6.318565
1583580660,9093.49,9090,9090,9092.01,7.4204937
1583580720,9098.49,9092.01,9092.02,9098.42,13.09490345
1583580780,9098.19,9094.07,9098.19,9096.16,8.32630427
1583580840,9096.22,9096.16,9096.16,9096.19,2.807598
1583580900,9096.19,9092.26,9096.18,9093.28,4.08888057
1583580960,9093.95,9091.83,9093.92,9091.84,3.197343
1583581020,9095.06,9091.84,9091.84,9094.03,13.20219429
1583581080,9094.78,9093.47,9094.3,9093.57,7.02463608
1583581140,9094.91,9093.63,9093.63,9094,3.29327713
1583581200,9095,9093.67,9094,9094.37,8.0544113
1583581260,9100,9093.38,9094.36,9100,12.59312351
1583581320,9101.62,9098.19,9099.46,9100.55,6.794521
1583581380,9102.04,9098.67,9100.44,9101.39,4.1589767
1583581440,9101.15,9098.96,9100.74,9099.55,7.32244518
1583581500,9100,9097.67,9099.53,9097.97,2.00553168
1583581560,9098.51,9097.96,9097.97,9097.96,1.384234
1583581620,9097.97,9092.47,9097.97,9094.8,9.88517441
1583581680,9095.45,9093.31,9094.8,9093.86,2.20220905
1583581740,9099.99,9093.39,9093.39,9099.43,7.624445
1583581800,9099.14,9095.29,9099.14,9095.58,3.571572
1583581860,9095.61,9093.19,9095.53,9093.19,1.232722
1583581920,9093.18,9090.73,9093.18,9091.01,2.72393068
1583581980,9091.38,9091.01,9091.01,9091.02,0.498234
1583582040,9095.07,9091,9091.01,9094.88,2.6042782
1583582100,9095.08,9093.7,9094.88,9094.04,8.38014723
1583582160,9094.94,9093.57,9094.12,9093.57,6.55361274
1583582220,9093.92,9091.94,9093.57,9092.94,7.46325687
1583582280,9092.91,9091.4,9092.85,9091.99,4.99184519
1583582340,9092.75,9090,9092,9090.01,4.09898386
1583582400,9102.51,9089.56,9090.01,9102.38,13.553003
1583582460,9107.48,9102.38,9102.39,9105.77,18.14002662
1583582520,9105.31,9102.76,9105.31,9104.92,7.72253334
1583582580,9109.93,9103.95,9104.69,9107.66,7.86189647
1583582640,9109.51,9106.67,9107.68,9107.34,13.84320379
1583582700,9107.8,9102.24,9107.34,9103.2,13.85961506
1583582760,9104.96,9103.19,9103.19,9104.9,7.7334186
1583582820,9105.87,9104.63,9104.73,9105.26,2.401325
1583582880,9110,9105.25,9105.27,9108.67,10.4508309
1583582940,9109.4,9102.73,9108.67,9103.28,7.61523453
1583583000,9104.74,9102.6,9103.29,9103.33,1.67895995
1583583060,9109.88,9103.38,9103.38,9109.26,5.91947694
1583583120,9109.42,9105.71,9109.23,9107.18,1.93205821
1583583180,9110.12,9107.03,9107.18,9107.03,16.0049001
1583583240,9108.05,9105.25,9106.49,9105.99,2.300541
1583583300,9107.77,9104.64,9105.73,9104.86,6.95732034
1583583360,9106.08,9104.47,9105.05,9105.26,4.79205066
1583583420,9106.19,9104.49,9105.25,9104.92,5.84570212
1583583480,9110.12,9104.94,9105.25,9110.12,12.19934829
1583583540,9112.23,9110.4,9110.4,9111.72,3.926675
1583583600,9113.52,9110,9111.7,9110.3,12.78721
1583583660,9119,9110.02,9110.02,9119,66.07741187
1583583720,9123.3,9116.05,9118.99,9123.29,48.13732343
1583583780,9129.55,9119.13,9122.08,9123.99,122.60386016
1583583840,9130,9122.31,9123.99,9126.95,40.2217601
1583583900,9127.53,9120.95,9127.48,9121.54,11.33629819
1583583960,9126.14,9121.01,9121.53,9124.85,15.725838
1583584020,9132,9124.17,9124.36,9131.99,18.65201369
1583584080,9132.9,9129.82,9132,9131.87,15.36462111
1583584140,9133.76,9128.02,9132.87,9128.24,16.77890861
1583584200,9130.69,9105.47,9128.24,9105.47,33.32827584
1583584260,9111.15,9104.32,9105.42,9109.19,9.64094103
1583584320,9110.75,9103.19,9109.19,9107.1,12.68042
1583584380,9107.71,9100,9106.97,9104.6,15.32056347
1583584440,9108.62,9102.27,9104.72,9107.51,17.0375075
1583584500,9107.1,9104.99,9107.1,9105.22,3.52617183
1583584560,9110.34,9105.16,9105.2,9110.12,8.572983
1583584620,9110.15,9106.94,9110.15,9107.66,10.74336757
1583584680,9109.99,9107.49,9107.67,9107.61,3.315615
1583584740,9109.91,9107.5,9108.24,9109.03,10.11520887
1583584800,9109.03,9105.74,9109.02,9106.03,8.57120671
1583584860,9105.41,9089,9105.41,9089.79,21.1346155
1583584920,9094.12,9086.61,9089.45,9087.76,25.91868971
1583584980,9095.68,9087.65,9087.68,9090.01,36.80254061
1583585040,9091.34,9088.29,9090.01,9088.29,16.14893527
1583585100,9092.45,9085.32,9088.3,9087.2,39.24102097
1583585160,9087.2,9081.07,9087.2,9081.88,10.62419333
1583585220,9091.36,9080.9,9082.18,9091.18,22.45057822
1583585280,9091.83,9089.1,9091.18,9090.7,6.55466624
1583585340,9098.42,9090.63,9090.63,9098.42,10.08483531
1583585400,9098.41,9096.65,9098.41,9096.95,4.47492522
1583585460,9096.94,9091.83,9096.94,9091.84,7.705859
1583585520,9091.83,9086.29,9091.83,9087.53,6.283185
1583585580,9089.18,9086.37,9087.94,9086.42,14.82771688
1583585640,9087.45,9085,9086.5,9085.01,4.54405461
1583585700,9085.52,9077.04,9085.01,9085,62.75005451
1583585760,9088.58,9084.99,9084.99,9087.07,11.60698196
1583585820,9088.53,9086.42,9087.06,9087.32,4.738736
1583585880,9087.32,9085.08,9087.32,9086.62,6.67689938
1583585940,9086.62,9078.17,9086.62,9079.63,7.72073355
1583586000,9083.87,9079.14,9079.14,9083.22,19.78956598
1583586060,9088.74,9082.11,9083.2,9087.32,25.94530457
1583586120,9092.38,9087.38,9087.38,9092.38,4.290517
1583586180,9093.42,9092.37,9092.39,9093.01,2.3100318
1583586240,9093.36,9091.18,9093.01,9092.57,8.99913982
1583586300,9091.93,9086.35,9091.83,9088.19,8.3444371
1583586360,9088.19,9085.46,9088.19,9086.45,3.32203801
1583586420,9089.79,9085.99,9086.45,9087.25,2.9166408
1583586480,9087.26,9086.53,9087.26,9086.85,1.791734
1583586540,9087.24,9086.86,9086.86,9087.2,2.769102
1583586600,9092.03,9087.24,9087.24,9091.34,3.87983482
1583586660,9096.38,9091.02,9091.33,9096.32,6.05154995
1583586720,9098,9096.32,9096.32,9098,5.78166208
1583586780,9098.58,9096.86,9097.99,9096.86,11.27843011
1583586840,9097.91,9096,9096.95,9097.91,8.18261596
1583586900,9100,9097.85,9097.88,9099.82,5.50184364
1583586960,9105.38,9099.74,9099.82,9100.32,14.48991229
1583587020,9101.44,9098.75,9099.82,9099.26,12.138231
1583587080,9099.27,9098.79,9099.26,9098.81,1.50208308
1583587140,9098.81,9096,9098.8,9096.01,2.38221493
1583587200,9096.01,9091.89,9096.01,9091.98,19.74973131
1583587260,9093.46,9091.9,9091.93,9093.45,3.29251535
1583587320,9098.83,9092.95,9093.45,9098,4.8677965
1583587380,9098.41,9097.04,9097.93,9098.04,1.91259521
1583587440,9098.38,9093.46,9098.2,9095.81,4.68374911
1583587500,9099.48,9095.33,9095.69,9095.39,4.77848989
1583587560,9095.6,9093.68,9095.39,9093.68,5.96184721
1583587620,9096.47,9089.16,9093.68,9089.16,9.508627
1583587680,9091.39,9089.01,9089.15,9089.01,3.00690364
1583587740,9089.01,9080,9089.01,9082.97,14.66512
1583587800,9086.73,9080.43,9083.28,9083.31,11.40128756
1583587860,9089.15,9083.3,9083.3,9089.15,6.34575916
1583587920,9091.39,9085.67,9089.14,9090.48,7.57827173
1583587980,9091.37,9089.16,9091.37,9090.99,8.46187405
1583588040,9094.69,9090.87,9090.97,9091.62,14.43564081
1583588100,9092.72,9089.62,9091.61,9089.63,2.47756427
1583588160,9089.62,9079.01,9089.62,9079.01,34.51234253
1583588220,9084.84,9079.04,9079.76,9082.07,21.92112074
1583588280,9085.63,9081.29,9082.2,9082.73,39.96600668
1583588340,9082.74,9081.62,9082.74,9081.65,15.49724911
1583588400,9082.56,9073.34,9081.7,9073.84,35.25175638
1583588460,9076.77,9069.17,9073.41,9074.92,45.77488857
1583588520,9078,9072.77,9074.54,9077.86,19.2890958
1583588580,9084.06,9075.93,9078.01,9081.89,34.41345588
1583588640,9082.78,9077.09,9082.7,9077.91,21.91575649
1583588700,9082.34,9072.04,9078.36,9080.24,26.00399434
1583588760,9085.01,9079.79,9082.66,9079.93,7.82222687
1583588820,9084.04,9079.93,9079.94,9081.9,6.31103758
1583588880,9082.56,9081.27,9081.89,9081.88,2.047139
1583588940,9081.88,9081.09,9081.87,9081.54,6.69610062
1583589000,9085.25,9081.54,9081.55,9083.16,9.899986
1583589060,9085,9083.24,9083.24,9084.99,5.527719
1583589120,9089.97,9084.98,9084.98,9089.71,19.40498019
1583589180,9090,9087.23,9089.97,9087.23,10.30089306
1583589240,9087.26,9084.6,9087.26,9085.72,2.753536
1583589300,9089.1,9085.72,9085.73,9086.99,4.71349099
1583589360,9086.97,9081.63,9086.97,9081.64,21.54411776
1583589420,9081.63,9078.7,9081.63,9078.76,11.08845209
1583589480,9079.54,9075.99,9078.89,9079.29,24.5570844
1583589540,9083.95,9079.31,9079.31,9083.95,6.39149048
1583589600,9085.11,9083.95,9083.95,9084.52,3.35028859
1583589660,9087.07,9084.51,9084.52,9086.09,10.50841469
1583589720,9091.11,9086.06,9086.12,9091.11,17.52278285
1583589780,9095.93,9091.12,9091.17,9095.37,11.331817
1583589840,9096.93,9095.38,9095.39,9095.9,3.42654533
1583589900,9095.41,9091.49,9095.41,9093.5,9.520035
1583589960,9094.02,9093.5,9093.5,9094.02,1.77346216
1583590020,9094.69,9093.98,9094.02,9094.69,1.67421326
1583590080,9099,9093.52,9094.69,9098.47,9.3770337
1583590140,9098.48,9095.19,9098.48,9096,9.097703
1583590200,9097.52,9095,9095.98,9095.48,7.27132371
1583590260,9096.93,9092.55,9095.49,9092.57,4.66038155
1583590320,9093.51,9091.8,9092.47,9092.35,5.353677
1583590380,9098.22,9092.19,9092.2,9096.77,7.09091
1583590440,9100,9095.72,9095.83,9099.89,5.42002653
1583590500,9099.89,9099.24,9099.35,9099.34,1.14544448
1583590560,9099.87,9099,9099.35,9099.32,2.76444751
1583590620,9099.32,9090.15,9099.31,9090.49,7.454676
1583590680,9091,9089.01,9090.2,9091,4.01864402
1583590740,9091,9087.27,9090.99,9087.28,4.97103007
1583590800,9093,9087.28,9087.28,9091.9,8.21000092
1583590860,9097.09,9091.91,9091.91,9096.13,8.11295106
1583590920,9096.32,9093.6,9096.29,9094.6,8.88194254
1583590980,9096.36,9094.42,9094.6,9095.89,2.049994
1583591040,9095.73,9090,9095.73,9090,16.09695646
1583591100,9090.01,9087.3,9090,9087.89,12.37421415
1583591160,9089.2,9086.19,9087.9,9086.5,4.20415
1583591220,9089.39,9083.42,9086.56,9088.3,9.529387
1583591280,9090,9087.25,9088.22,9089.49,1.907029
1583591340,9089.99,9088.98,9089.49,9089.56,1.11040597
1583591400,9090,9086.51,9089.33,9087.35,4.534662
1583591460,9087.34,9083.47,9087.19,9085.09,5.58745027
1583591520,9083.94,9082.22,9083.62,9082.23,4.271998
1583591580,9087.03,9082.22,9082.22,9087.03,5.386344
1583591640,9089.92,9087.1,9087.35,9087.37,3.33812557
1583591700,9098.25,9087.04,9087.37,9097.77,31.539562
1583591760,9102.81,9097.98,9098.25,9102.24,22.98049473
1583591820,9102.95,9097.77,9102.25,9097.78,4.54180867
1583591880,9099.35,9095.01,9097.78,9095.93,7.277082
1583591940,9096,9094,9095.04,9096,3.784091
1583592000,9098.06,9096,9096,9098.04,1.47374742
1583592060,9103.04,9098.05,9098.05,9102.63,11.80828816
1583592120,9102.64,9096.93,9102.64,9099.28,10.81151694
1583592180,9100.64,9096.93,9098.66,9099.38,4.37214008
1583592240,9099.91,9097.88,9099.91,9098.41,2.70373
1583592300,9099,9096.43,9098.68,9098.25,8.853493
1583592360,9098.5,9095.71,9098.24,9097.8,4.981477
1583592420,9099,9095.33,9097.93,9098,20.83372474
1583592480,9098.27,9095.4,9098,9095.41,8.23460213
1583592540,9096.48,9093.34,9095.41,9094.1,4.80615441
1583592600,9094.01,9091.88,9094,9093.08,4.252875
1583592660,9093.77,9092.95,9093.08,9093.77,8.75017184
1583592720,9101,9093.57,9093.78,9101,12.59916149
1583592780,9106.13,9101,9101,9102.5,7.07926577
1583592840,9102.5,9100.43,9102.5,9102.28,3.890164
1583592900,9106.55,9101.09,9102.07,9103.64,14.30937786
1583592960,9106.51,9102.16,9104.32,9102.3,4.59157554
1583593020,9102.45,9101.43,9102.29,9101.81,1.42287933
1583593080,9107.99,9100.59,9101.82,9107.98,5.46309473
1583593140,9113.49,9106.76,9107.7,9112.99,19.304683
1583593200,9113.44,9110,9113,9111.93,54.29251212
1583593260,9111.95,9107.48,9111.94,9107.49,10.23651295
1583593320,9107.48,9105.99,9107.48,9106,4.81896865
1583593380,9112.2,9105.99,9106,9110.71,4.39651973
1583593440,9111.58,9110,9110.71,9110.62,6.28200714
1583593500,9119,9109.34,9110.43,9116.87,21.83334015
1583593560,9118.99,9114.99,9118.34,9115,9.17839006
1583593620,9117.32,9109.88,9115,9109.88,7.31437
1583593680,9114.59,9109.77,9109.78,9112.15,3.553256
1583593740,9116.18,9111.16,9112.15,9114.06,7.98794011
1583593800,9116.26,9112.8,9114.06,9112.82,13.18376462
1583593860,9112.83,9111,9112.83,9111,4.192741
1583593920,9112.7,9110.22,9111,9111.24,19.169565
1583593980,9112.3,9110.45,9110.61,9112.22,5.05525551
1583594040,9114.9,9111.42,9112.3,9112.01,12.59839532
1583594100,9112.36,9104.8,9112.01,9105.41,11.111554
1583594160,9105.81,9103.71,9105.41,9104.14,6.819888
1583594220,9104.16,9100.43,9104.16,9100.44,2.567211
1583594280,9104.15,9100,9100.43,9100,5.756557
1583594340,9105.4,9100,9100,9103.2,3.290679
1583594400,9103.13,9100.52,9103.13,9100.56,3.16532302
1583594460,9101.72,9100.52,9100.53,9100.93,0.966463
1583594520,9100.94,9098.32,9100.93,9099.29,3.27031331
1583594580,9100,9099.09,9099.11,9099.99,5.12500997
1583594640,9103.71,9099.99,9099.99,9103.71,39.92170903
1583594700,9106.95,9104.53,9104.53,9105.45,4.8661185
1583594760,9110.46,9104.77,9105.45,9110.46,4.604196
1583594820,9112.24,9108.74,9110.68,9109.72,3.23724301
1583594880,9114.02,9109.21,9109.71,9113.03,5.02421821
1583594940,9113,9107.5,9113,9108.12,8.056494
1583595000,9108.12,9107.14,9108.11,9107.66,3.483252
1583595060,9107.22,9102.38,9107.22,9102.62,3.29162731
1583595120,9106.93,9101.78,9102.61,9106.92,5.301351
1583595180,9107.15,9106.16,9106.92,9106.93,3.18649053
1583595240,9106.46,9104.14,9106.46,9104.5,4.45598068
1583595300,9106.97,9103.4,9104.51,9105.48,3.78441976
1583595360,9105.78,9104.5,9105.77,9104.5,1.17366229
1583595420,9104.51,9102.05,9104.51,9102.23,3.363359
1583595480,9110.1,9102.22,9102.22,9110.09,9.482021
1583595540,9110.09,9100,9110.09,9104,47.60491519
1583595600,9103.16,9100,9102.83,9101,7.48135584
1583595660,9100.97,9098.01,9100.97,9099.74,8.992337
1583595720,9099.85,9095.6,9099.64,9096.39,7.70932439
1583595780,9104.29,9095.86,9095.91,9101.45,14.812001
1583595840,9101.47,9100,9101.45,9100.05,2.022856
1583595900,9100.02,9099.56,9100.02,9099.56,4.2151231
1583595960,9107.05,9099.63,9099.63,9107.04,21.4466519
1583596020,9108.01,9107.04,9107.05,9107.04,3.52667179
1583596080,9108.6,9107.04,9107.04,9108.6,2.081292
1583596140,9109.32,9104.95,9108.59,9108.7,5.65694474
1583596200,9108.71,9105.52,9108.71,9105.52,3.229468
1583596260,9114.65,9105.47,9105.51,9114.65,14.89271979
1583596320,9114.44,9107.18,9113.62,9111.3,9.45821017
1583596380,9112.26,9110.49,9111.29,9110.5,4.118761
1583596440,9113.47,9110.49,9110.5,9111.85,3.011425
1583596500,9115,9111.85,9111.85,9114.57,13.37468105
1583596560,9114.95,9110.49,9114.49,9113.29,22.91736428
1583596620,9117.74,9113.24,9113.24,9115.6,9.91140269
1583596680,9117.52,9114.53,9115.01,9116.34,9.731112
1583596740,9118.36,9113.75,9116.32,9113.75,24.526807
